"","text","favorited","favoriteCount","replyToSN","created","truncated","replyToSID","id","replyToUID","statusSource","screenName","retweetCount","isRetweet","retweeted","longitude","latitude"
"1","@kiraaxchaos I take kratom and cbd to help with my pain now but everyone is different on what helps. I am sorry to hear that",FALSE,0,"kiraaxchaos",2019-08-14 15:52:26,FALSE,"1161661191044902913","1161666898863505410","37031658","<a href=""http://twitter.com/download/android"" rel=""nofollow"">Twitter for Android</a>","justnekochan",0,FALSE,FALSE,NA,NA
"2","@SaveTurtles462 @CLewandowski_ I thought about trying Kratom but when I went to check it out, there is so many form… https://t.co/P0Qaakq6HU",FALSE,0,"SaveTurtles462",2019-08-14 15:50:02,TRUE,"1161654887903571968","1161666295470968833","865593627451547648","<a href=""https://mobile.twitter.com"" rel=""nofollow"">Twitter Web App</a>","sherry94798581",0,FALSE,FALSE,NA,NA
"3","The Kratom tea looks good",FALSE,0,"LilBillhook",2019-08-14 15:40:34,FALSE,"1161652251624116224","1161663915534757888","2277245706","<a href=""https://mobile.twitter.com"" rel=""nofollow"">Twitter Web App</a>","LilBillhook",0,FALSE,FALSE,NA,NA
"4","RT @KatsBotanicals: How newbies should use Kratom #iamkratom https://t.co/LOQe9o0XUr https://t.co/YuKXgfEbSd",FALSE,0,NA,2019-08-14 15:40:07,FALSE,NA,"1161663802129223682",NA,"<a href=""http://twitter.com/download/iphone"" rel=""nofollow"">Twitter for iPhone</a>","delladreamer",1,TRUE,FALSE,NA,NA
"5","@smithjarrod2002 @SaveTurtles462 @CLewandowski_ I’ve also been on a billion different add, anti-depressants,anti-an… https://t.co/2uGt6VBgdP",FALSE,0,"RyanWithAK",2019-08-14 15:37:43,TRUE,"1161662479568498688","1161663198287675392","1055957625005727745","<a href=""http://twitter.com/download/iphone"" rel=""nofollow"">Twitter for iPhone</a>","RyanWithAK",0,FALSE,FALSE,NA,NA
"6","@smithjarrod2002 @SaveTurtles462 @CLewandowski_ I believe a huge advantage of Kratom to me is the fact that I don’t… https://t.co/3QKPDuwxkV",FALSE,0,"smithjarrod2002",2019-08-14 15:34:52,TRUE,"1161661040729325568","1161662479568498688","958538457365663744","<a href=""http://twitter.com/download/iphone"" rel=""nofollow"">Twitter for iPhone</a>","RyanWithAK",0,FALSE,FALSE,NA,NA
"7","RT @Peter_Grinspoon: What to do about Kratom? Regulate? Legalize? Restrict? Outlaw??
Does it treat pain and addiction? Is it dangerous?

#k…",FALSE,0,NA,2019-08-14 15:34:25,FALSE,NA,"1161662367429562368",NA,"<a href=""http://twitter.com/download/android"" rel=""nofollow"">Twitter for Android</a>","Matt_Grimshaw",14,TRUE,FALSE,NA,NA
"8","@smithjarrod2002 @SaveTurtles462 @CLewandowski_ I had to be free from opioids for a good stretch of time before I c… https://t.co/ndamCuWYJe",FALSE,1,"smithjarrod2002",2019-08-14 15:32:10,TRUE,"1161661040729325568","1161661801647370240","958538457365663744","<a href=""http://twitter.com/download/iphone"" rel=""nofollow"">Twitter for iPhone</a>","RyanWithAK",0,FALSE,FALSE,NA,NA
"9","A Good Post On Mitragyna Speciosa, Kratom https://t.co/pH3pFBmgSh",FALSE,0,NA,2019-08-14 15:31:12,FALSE,NA,"1161661555651633152",NA,"<a href=""https://ifttt.com"" rel=""nofollow"">IFTTT</a>","SusanMitragyna",0,FALSE,FALSE,NA,NA
"10","@SaveTurtles462 @RyanWithAK @CLewandowski_ how did you do that&gt; kratom does help with the stomach pain.. but the depression..",FALSE,0,"SaveTurtles462",2019-08-14 15:29:09,FALSE,"1161654887903571968","1161661040729325568","865593627451547648","<a href=""https://mobile.twitter.com"" rel=""nofollow"">Twitter Web App</a>","smithjarrod2002",0,FALSE,FALSE,NA,NA
"11","Our Instagram was shut down for having a kratom business. @ElPasoKratom Instagram no longer exists! This is ridicul… https://t.co/JMpvaMBYEX",FALSE,0,NA,2019-08-14 15:24:44,TRUE,NA,"1161659931726155781",NA,"<a href=""http://twitter.com/download/android"" rel=""nofollow"">Twitter for Android</a>","ElPasoKratom",0,FALSE,FALSE,NA,NA
"12","Gm Kratom fam",FALSE,1,NA,2019-08-14 15:20:08,FALSE,NA,"1161658770474356736",NA,"<a href=""http://twitter.com/download/iphone"" rel=""nofollow"">Twitter for iPhone</a>","Thorislost",0,FALSE,FALSE,NA,NA
"13","an old lady tried telling me my major is pointless and there is no money in it while she struggles to pay for a $15 bag of kratom <ed><U+00A0><U+00BE><ed><U+00B4><U+0097>",FALSE,2,NA,2019-08-14 15:15:05,FALSE,NA,"1161657499755245568",NA,"<a href=""http://twitter.com/download/android"" rel=""nofollow"">Twitter for Android</a>","calityn",0,FALSE,FALSE,NA,NA
"14","RT @SaveTurtles462: @CLewandowski_ Research pure leaf kratom.  I was a opiate addict for 15+ years, I now have 2 years sobriety from pure l…",FALSE,0,NA,2019-08-14 15:11:57,FALSE,NA,"1161656714707361792",NA,"<a href=""http://twitter.com/download/iphone"" rel=""nofollow"">Twitter for iPhone</a>","RyanWithAK",1,TRUE,FALSE,NA,NA
"15","Gonna make a podcast called Honk Honk Cabbage where I talk about Kratom and right wing libertarian politics",FALSE,0,NA,2019-08-14 15:11:29,FALSE,NA,"1161656595299885058",NA,"<a href=""http://twitter.com/download/iphone"" rel=""nofollow"">Twitter for iPhone</a>","KazooieSaysBree",0,FALSE,FALSE,NA,NA
"16","OPMS shots in stock! Feel better, enhance focus and elevate your mood today! #opms #shots #kratom #kratomnj… https://t.co/hOSOMUt6A1",FALSE,0,NA,2019-08-14 15:08:03,TRUE,NA,"1161655730363125761",NA,"<a href=""http://instagram.com"" rel=""nofollow"">Instagram</a>","GS_SmokeVape",0,FALSE,FALSE,NA,NA
"17","<ed><U+00A0><U+00BD><ed><U+00B8><U+0082><ed><U+00A0><U+00BD><ed><U+00B8><U+0082><ed><U+00A0><U+00BD><ed><U+00B8><U+0082> #enteógenos #medicinapsicodélica #experienciamística #entheogen #peyote #salviadivinorum #kratom #caapico… https://t.co/Zar2SHetDD",FALSE,0,NA,2019-08-14 15:05:54,TRUE,NA,"1161655191114047488",NA,"<a href=""http://instagram.com"" rel=""nofollow"">Instagram</a>","CaapiSAS",0,FALSE,FALSE,NA,NA
"18","@CLewandowski_ Research pure leaf kratom.  I was a opiate addict for 15+ years, I now have 2 years sobriety from pu… https://t.co/xy40Y257yd",FALSE,3,"CLewandowski_",2019-08-14 15:04:42,TRUE,"1161653077218385920","1161654887903571968","4121225056","<a href=""https://mobile.twitter.com"" rel=""nofollow"">Twitter Web App</a>","SaveTurtles462",1,FALSE,FALSE,NA,NA
"19","I’ve just unpacked kilos of kratom (various kinds) and it’s going out the door.  If you’re interested in purchasing… https://t.co/o72fTpndtf",FALSE,0,NA,2019-08-14 14:59:00,TRUE,NA,"1161653454047195136",NA,"<a href=""https://mobile.twitter.com"" rel=""nofollow"">Twitter Web App</a>","herbworld",0,FALSE,FALSE,NA,NA
"20","Imagine if Siri was a guy, and he was guiding you through your shitty prema-lance gig... well that’s the first hour… https://t.co/eZbwN1tP7Y",FALSE,2,NA,2019-08-14 14:57:40,TRUE,NA,"1161653119207583745",NA,"<a href=""http://twitter.com/download/iphone"" rel=""nofollow"">Twitter for iPhone</a>","artdlrco",0,FALSE,FALSE,NA,NA
"21","Just cracked open my first Kratom shot of the day.... stay medicated my friend.

We gonna fuckin need it https://t.co/k2QA6sP8n7",FALSE,1,NA,2019-08-14 14:57:10,FALSE,NA,"1161652994041139212",NA,"<a href=""http://twitter.com/download/android"" rel=""nofollow"">Twitter for Android</a>","CJ_Thrawley",0,FALSE,FALSE,NA,NA
"22","We do not need to label whole new class of persons as criminals. ""Thirty or more Mississippi cities and counties ha… https://t.co/X3RrGmYFn0",FALSE,0,NA,2019-08-14 14:56:00,TRUE,NA,"1161652697533243392",NA,"<a href=""https://mobile.twitter.com"" rel=""nofollow"">Twitter Web App</a>","MattWAllen",0,FALSE,FALSE,NA,NA
"23","I used it and it really helped me so much! Jesse https://t.co/iGlWyRgLgd",FALSE,0,NA,2019-08-14 14:55:31,FALSE,NA,"1161652577475448835",NA,"<a href=""http://www.facebook.com/twitter"" rel=""nofollow"">Facebook</a>","activegirl",0,FALSE,FALSE,NA,NA
"24","RT @George24377377: @KimLibbyEvans1 I'm really blown away with how well things went, I wasent there but I wrote OBoP a nice letter hoping t…",FALSE,0,NA,2019-08-14 14:54:04,FALSE,NA,"1161652214177267713",NA,"<a href=""http://twitter.com/download/android"" rel=""nofollow"">Twitter for Android</a>","Havasubum1My",1,TRUE,FALSE,NA,NA
"25","Today on @dublab from 10-noon EST...

<ed><U+00A0><U+00BC><ed><U+00BE><U+00A7>ART DLR’s Shared Assets <ed><U+00A0><U+00BC><ed><U+00BE><U+00A7>

2 hours of @artdlrco mixes hosted by intelligent… https://t.co/k1a7WAwjzf",FALSE,3,NA,2019-08-14 14:36:49,TRUE,NA,"1161647869230813185",NA,"<a href=""https://about.twitter.com/products/tweetdeck"" rel=""nofollow"">TweetDeck</a>","sorry_records",0,FALSE,FALSE,NA,NA
"26","Will the FDA Use NDI Process to Regulate #CBD or #Kratom OFF the Open Market? https://t.co/gyKSSWGK0T #kratomsaveslives",FALSE,0,NA,2019-08-14 14:34:35,FALSE,NA,"1161647308662038528",NA,"<a href=""https://mobile.twitter.com"" rel=""nofollow"">Twitter Web App</a>","healthseeker",0,FALSE,FALSE,NA,NA
"27","RT @opssinfo: Considering kratom? Consider these quick facts and learn more about it: https://t.co/FQhOZ9NUBT https://t.co/ecQyByC8XA",FALSE,0,NA,2019-08-14 14:33:11,FALSE,NA,"1161646955539423232",NA,"<a href=""https://mobile.twitter.com"" rel=""nofollow"">Twitter Web App</a>","IKnowNutrition",1,TRUE,FALSE,NA,NA
"28","Shopping Cart https://t.co/navFD8T3th",FALSE,0,NA,2019-08-14 14:30:25,FALSE,NA,"1161646258739695616",NA,"<a href=""https://mobile.twitter.com"" rel=""nofollow"">Twitter Web App</a>","RachelB00402105",0,FALSE,FALSE,NA,NA
"29","@tomatoupstairs6 Sound like it. When you get into a routine, your body will actually produce more energy at that ti… https://t.co/tbLxPxHrot",FALSE,1,"tomatoupstairs6",2019-08-14 14:24:40,TRUE,"1161644402961313792","1161644814275895296","2764389459","<a href=""http://twitter.com/download/iphone"" rel=""nofollow"">Twitter for iPhone</a>","BobbyGeorge25",0,FALSE,FALSE,NA,NA
"30","RT @EncarnitaPyle: Legislator says he introduced bill to keep kratom legal in Ohio to spur discussion
'At this stage, I don’t even know if…",FALSE,0,NA,2019-08-14 14:23:07,FALSE,NA,"1161644422251065345",NA,"<a href=""https://mobile.twitter.com"" rel=""nofollow"">Twitter Web App</a>","PatrickACooley",1,TRUE,FALSE,NA,NA
"31","RT @healthseeker: How #Kratom May Help Support a Positive Attitude, Leading to Healthier Behaviors. Diabetics, in particular feel driven to…",FALSE,0,NA,2019-08-14 14:21:34,FALSE,NA,"1161644034923880449",NA,"<a href=""http://twitter.com/download/android"" rel=""nofollow"">Twitter for Android</a>","handballfreak69",3,TRUE,FALSE,NA,NA
"32","an kratom help people kick powerful opioid addictions? (YES! It can!) Join our August 21 webinar with Director of O… https://t.co/pi7YBGhSha",FALSE,0,NA,2019-08-14 14:20:14,TRUE,NA,"1161643697458622471",NA,"<a href=""http://www.facebook.com/twitter"" rel=""nofollow"">Facebook</a>","Kratom_United",0,FALSE,FALSE,NA,NA
"33","RT @Rakyat_Kalbar: Tim Kemenko Polhukam Tinjau Kebun dan Pabrik Kratom di Kapuas Hulu https://t.co/Qq0ltfJZGq https://t.co/kWg7nOnVxN",FALSE,0,NA,2019-08-14 14:16:00,FALSE,NA,"1161642631874531328",NA,"<a href=""http://twitter.com/download/android"" rel=""nofollow"">Twitter for Android</a>","maryha7",1,TRUE,FALSE,NA,NA
"34","MitraGaia offers high quality, lab tested products, &amp; same day shipping, leading to rave reviews! Visit… https://t.co/PbyC5W9xmP",FALSE,0,NA,2019-08-14 14:13:11,TRUE,NA,"1161641922496225280",NA,"<a href=""https://mobile.twitter.com"" rel=""nofollow"">Twitter Web App</a>","mitragaia",0,FALSE,FALSE,NA,NA
"35","So Twitter decided to lock my account?  For what?  Talking about Kratom?  Calling CNN out?  Why?",FALSE,1,NA,2019-08-14 14:08:16,FALSE,NA,"1161640686279634945",NA,"<a href=""https://mobile.twitter.com"" rel=""nofollow"">Twitter Web App</a>","SaveTurtles462",0,FALSE,FALSE,NA,NA
"36","@drmattp Yes it can as long as ppl only use raw herb, not extract or adulterated kratom. I'll celebrate 22 yrs sobe… https://t.co/EFaZR2BLnw",FALSE,0,"drmattp",2019-08-14 14:08:10,TRUE,"1156223662091100163","1161640661671698432","378328198","<a href=""https://mobile.twitter.com"" rel=""nofollow"">Twitter Web App</a>","Kratom_United",0,FALSE,FALSE,NA,NA
"37","RT @TheKratomAssn: Celebrate the Ohio Victory by ordering a limited edition AKA shirt and hat! We're working with Custom Ink to sell AKA of…",FALSE,0,NA,2019-08-14 14:08:09,FALSE,NA,"1161640657770995714",NA,"<a href=""http://twitter.com/download/iphone"" rel=""nofollow"">Twitter for iPhone</a>","houseoftheviiv",25,TRUE,FALSE,NA,NA
"38","With 40/50% ppl don't have access to treatment, kratom can help fill in the gap. Register to join in on the show by… https://t.co/JCT1k10x5I",FALSE,1,NA,2019-08-14 14:06:56,TRUE,NA,"1161640349305057281",NA,"<a href=""https://mobile.twitter.com"" rel=""nofollow"">Twitter Web App</a>","Kratom_United",0,FALSE,FALSE,NA,NA
"39","@2kool4thisworld Kratom",FALSE,0,"2kool4thisworld",2019-08-14 14:04:48,FALSE,"1161267346562015232","1161639815579865089","4905950789","<a href=""http://twitter.com/download/android"" rel=""nofollow"">Twitter for Android</a>","possessedkid",0,FALSE,FALSE,NA,NA
"40","RT @ColeyCrawler: I was a skeptic but now I’m a believer! #kratom is life-saving! Opioids = horrible life here is a great alternative I urg…",FALSE,0,NA,2019-08-14 14:02:43,FALSE,NA,"1161639291442933762",NA,"<a href=""http://twitter.com/download/iphone"" rel=""nofollow"">Twitter for iPhone</a>","DanKahmann",1,TRUE,FALSE,NA,NA
"41","@HaddowMac @MarcSwogger Good oppurtunity to get facts out! Tomorrow, I'll have 22 yrs sober. So I have a little 1st… https://t.co/yxx94ieqmX",FALSE,3,"HaddowMac",2019-08-14 14:02:14,TRUE,NA,"1161639166620372992","1151994028696621056","<a href=""https://mobile.twitter.com"" rel=""nofollow"">Twitter Web App</a>","Kratom_United",0,FALSE,FALSE,NA,NA
"42","@tomatoupstairs6 White Mang Da Kratom you can usually get at your local pharmacy or smoke shop. 
It works wonders for me",FALSE,1,"tomatoupstairs6",2019-08-14 14:00:20,FALSE,"1161637913135763457","1161638691577696257","2764389459","<a href=""http://twitter.com/download/iphone"" rel=""nofollow"">Twitter for iPhone</a>","BobbyGeorge25",0,FALSE,FALSE,NA,NA
"43","OH Kratom Battle continues. ""comments will be considered by the pharmacy board at its September meeting, according… https://t.co/3UPeGY9WEK",FALSE,2,NA,2019-08-14 13:59:40,TRUE,NA,"1161638522706694145",NA,"<a href=""http://twitter.com/download/iphone"" rel=""nofollow"">Twitter for iPhone</a>","MelodyHope5",0,FALSE,FALSE,NA,NA
"44","Tim Kemenko Polhukam Tinjau Kebun dan Pabrik Kratom di Kapuas Hulu https://t.co/Qq0ltfJZGq https://t.co/kWg7nOnVxN",FALSE,0,NA,2019-08-14 13:51:19,FALSE,NA,"1161636422085951488",NA,"<a href=""http://publicize.wp.com/"" rel=""nofollow"">WordPress.com</a>","Rakyat_Kalbar",1,FALSE,FALSE,NA,NA
"45","KRATOM FAQS
How is Kratom Oil Made
POSTED ONAPRIL 17, 2018Authorkratomtimes

Just like it happens with other types… https://t.co/KHZibiMsbD",FALSE,0,NA,2019-08-14 13:34:07,TRUE,NA,"1161632092788264960",NA,"<a href=""https://www.blog2social.com"" rel=""nofollow"">Blog2Social APP</a>","intheweedslc",0,FALSE,FALSE,NA,NA
"46","Takde keeeee yang nak beli kratom 5ton nih <ed><U+00A0><U+00BE><ed><U+00B4><U+00A3><ed><U+00A0><U+00BE><ed><U+00B4><U+00A3><ed><U+00A0><U+00BE><ed><U+00B4><U+00A3>",FALSE,0,NA,2019-08-14 13:26:46,FALSE,NA,"1161630241422319619",NA,"<a href=""http://twitter.com/download/android"" rel=""nofollow"">Twitter for Android</a>","killyeahh",0,FALSE,FALSE,NA,NA
"47","RT @argumentwinner: bernie sanders driving a bus full of e-boys into canada where the gamer girl bath water costs 1/10th as much",FALSE,0,NA,2019-08-14 13:25:02,FALSE,NA,"1161629805806268416",NA,"<a href=""http://twitter.com/download/android"" rel=""nofollow"">Twitter for Android</a>","boofed_kratom",46,TRUE,FALSE,NA,NA
"48","RT @Peter_Grinspoon: What to do about Kratom? Regulate? Legalize? Restrict? Outlaw??
Does it treat pain and addiction? Is it dangerous?

#k…",FALSE,0,NA,2019-08-14 13:22:34,FALSE,NA,"1161629185099485184",NA,"<a href=""http://twitter.com/download/android"" rel=""nofollow"">Twitter for Android</a>","_nik_ha_",14,TRUE,FALSE,NA,NA
"49",".@JakeThompsonOE just an FYI, Kratom is just leaves from a tree. It isn't a synthetic. If the Oxford city law only… https://t.co/hODLxo7KSp",FALSE,6,NA,2019-08-14 13:18:51,TRUE,NA,"1161628248276635653",NA,"<a href=""http://twitter.com/download/android"" rel=""nofollow"">Twitter for Android</a>","DrewTurner73",0,FALSE,FALSE,NA,NA
"50","RT @JMBorchardt: Ohio @RepGaryScherer's kratom regulation bill was introduced today - House Bill 318. 
Story from Friday: https://t.co/0aDF…",FALSE,0,NA,2019-08-14 13:16:09,FALSE,NA,"1161627570313596929",NA,"<a href=""http://twitter.com/download/android"" rel=""nofollow"">Twitter for Android</a>","rich_milhoan",3,TRUE,FALSE,NA,NA
"51","Thirty or more Mississippi cities and counties have criminalized possession of kratom. https://t.co/jZyjtcbUsP",FALSE,1,NA,2019-08-14 13:15:00,FALSE,NA,"1161627281049231361",NA,"<a href=""http://www.socialnewsdesk.com"" rel=""nofollow"">SocialNewsDesk</a>","clarionledger",0,FALSE,FALSE,NA,NA
"52","RT @anandaleeke: Get your tickets for the #ThrivingMindfully Workshop: How to Be #MindfulatWork  on Aug 18th from 6:30-8:30 p.m. at Qi Krat…",FALSE,0,NA,2019-08-14 13:10:08,FALSE,NA,"1161626058451542016",NA,"<a href=""http://twitter.com/download/android"" rel=""nofollow"">Twitter for Android</a>","anandaleeke",1,TRUE,FALSE,NA,NA
"53","Legislator says he introduced bill to keep kratom legal in Ohio to spur discussion
'At this stage, I don’t even kno… https://t.co/S1z4m6W8qn",FALSE,0,NA,2019-08-14 13:08:14,TRUE,NA,"1161625579604631554",NA,"<a href=""https://about.twitter.com/products/tweetdeck"" rel=""nofollow"">TweetDeck</a>","EncarnitaPyle",1,FALSE,FALSE,NA,NA
"54","@DrewTurner73 I’ll keep my eye out. Been using Kratom for a few days now and it really helps.",FALSE,1,"DrewTurner73",2019-08-14 13:05:05,FALSE,"1161623704968814592","1161624786944102401","886725856789442560","<a href=""http://twitter.com/download/iphone"" rel=""nofollow"">Twitter for iPhone</a>","RunningNEPA",0,FALSE,FALSE,NA,NA
"55","#Kratom is a #psychoactivedrug which is used all over the world. It is native to the nations in Southeast Asia. The… https://t.co/OuT2IQhkNX",FALSE,0,NA,2019-08-14 13:01:01,TRUE,NA,"1161623763668127744",NA,"<a href=""https://about.twitter.com/products/tweetdeck"" rel=""nofollow"">TweetDeck</a>","KratomApex",0,FALSE,FALSE,NA,NA
"56","RT @HectorMcFlyCiH: Kratom. Blunt. And @esqfowlkes interview to start off the #am

@Producergrind",FALSE,0,NA,2019-08-14 13:00:30,FALSE,NA,"1161623632432549888",NA,"<a href=""https://mobile.twitter.com"" rel=""nofollow"">Twitter Web App</a>","DjayCas",1,TRUE,FALSE,NA,NA
"57","RT @KratomFact: RESEARCH KRATOM, DON'T BAN IT:  ""Based on these findings, we suggest that Mitragyna speciosa may well be utilized for novel…",FALSE,0,NA,2019-08-14 13:00:29,FALSE,NA,"1161623628301197312",NA,"<a href=""https://mobile.twitter.com"" rel=""nofollow"">Twitter Web App</a>","stapf",1,TRUE,FALSE,NA,NA
"58","RESEARCH KRATOM, DON'T BAN IT:  ""Based on these findings, we suggest that Mitragyna speciosa may well be utilized f… https://t.co/CIcOEqiEIN",FALSE,1,NA,2019-08-14 12:59:37,TRUE,NA,"1161623411837276169",NA,"<a href=""http://twitter.com/download/iphone"" rel=""nofollow"">Twitter for iPhone</a>","KratomFact",1,FALSE,FALSE,NA,NA
"59","RT @KratomFact: Kratom advocates praise decision to delay potential ban in Ohio

https://t.co/qnYHCUB7Bf",FALSE,0,NA,2019-08-14 12:55:00,FALSE,NA,"1161622247309750273",NA,"<a href=""https://mobile.twitter.com"" rel=""nofollow"">Twitter Web App</a>","stapf",1,TRUE,FALSE,NA,NA
"60","Kratom advocates praise decision to delay potential ban in Ohio

https://t.co/qnYHCUB7Bf",FALSE,0,NA,2019-08-14 12:54:21,FALSE,NA,"1161622086416310272",NA,"<a href=""http://twitter.com/download/iphone"" rel=""nofollow"">Twitter for iPhone</a>","KratomFact",1,FALSE,FALSE,NA,NA
"61","Selain akar bajaka, Saya mau tanaman kratom dan kava dibudidayakan dan dipatenkan",FALSE,0,NA,2019-08-14 12:47:38,FALSE,NA,"1161620394593226752",NA,"<a href=""http://twitter.com/download/android"" rel=""nofollow"">Twitter for Android</a>","juliesarjono",0,FALSE,FALSE,NA,NA
"62","Kratom. Blunt. And @esqfowlkes interview to start off the #am

@Producergrind",FALSE,3,NA,2019-08-14 12:47:04,FALSE,NA,"1161620251341144067",NA,"<a href=""http://twitter.com/download/android"" rel=""nofollow"">Twitter for Android</a>","HectorMcFlyCiH",1,FALSE,FALSE,NA,NA
"63","RT @KratomGuyShow: Looks like Facebook doesn't like me giving away free kratom?! Went to post my new menu &amp; August promo to my Boston Krato…",FALSE,0,NA,2019-08-14 12:45:23,FALSE,NA,"1161619827435483136",NA,"<a href=""https://mobile.twitter.com"" rel=""nofollow"">Twitter Web App</a>","KratomPlants4u",3,TRUE,FALSE,NA,NA
"64","Does anyone know of any social media platforms where you can create your own groups? I need a new place for my 2,00… https://t.co/n2tkWckXEq",FALSE,0,NA,2019-08-14 12:42:51,TRUE,NA,"1161619188718419969",NA,"<a href=""http://twitter.com/download/android"" rel=""nofollow"">Twitter for Android</a>","Desi510",0,FALSE,FALSE,NA,NA
"65","Legislator says he introduced bill to keep kratom legal in Ohio to spur discussion
https://t.co/LIFRsRkeaT",FALSE,0,NA,2019-08-14 12:39:56,FALSE,NA,"1161618455159853062",NA,"<a href=""http://twitter.com"" rel=""nofollow"">Twitter Web Client</a>","DanHughes1959",0,FALSE,FALSE,NA,NA
"66","RT @DrewTurner73: Appears that all the anecdotal evidence about alcohol use being diminished with Kratom consumption now has more science b…",FALSE,0,NA,2019-08-14 12:38:38,FALSE,NA,"1161618129522499587",NA,"<a href=""https://mobile.twitter.com"" rel=""nofollow"">Twitter Web App</a>","KratomPlants4u",15,TRUE,FALSE,NA,NA
"67","RT @kratomscience: New from Kratom Science! More than just a kratom story, Nina Ajdin discusses her journey of survival through war, malnut…",FALSE,0,NA,2019-08-14 12:36:49,FALSE,NA,"1161617671600902145",NA,"<a href=""https://mobile.twitter.com"" rel=""nofollow"">Twitter Web App</a>","KratomPlants4u",10,TRUE,FALSE,NA,NA
"68","@wicaksanawidii @VICE_ID @supriatno_dede Sambilan lah jual ganja kalo kratom sepi",FALSE,0,"wicaksanawidii",2019-08-14 12:36:07,FALSE,"1161603116745162752","1161617494450167809","295981079","<a href=""http://twitter.com/download/android"" rel=""nofollow"">Twitter for Android</a>","iidAbdr",0,FALSE,FALSE,NA,NA
"69","RT @handballfreak69: @Peter_Grinspoon They need to take notice, every time they post all these unfounded lies, everyone puts nothing but po…",FALSE,0,NA,2019-08-14 12:35:48,FALSE,NA,"1161617415869911041",NA,"<a href=""http://twitter.com/download/iphone"" rel=""nofollow"">Twitter for iPhone</a>","RyanWithAK",1,TRUE,FALSE,NA,NA
"70","RT @kratomtweets: All of the Kratom trees are growing great. They can really handle a lot of rain and wind. A few of the trees blew over an…",FALSE,0,NA,2019-08-14 12:34:22,FALSE,NA,"1161617056565014531",NA,"<a href=""https://mobile.twitter.com"" rel=""nofollow"">Twitter Web App</a>","KratomPlants4u",1,TRUE,FALSE,NA,NA
"71","RT @kratomtweets: I grow #Kratom

#memes
#IamKratom https://t.co/BWPyH3GFlo",FALSE,0,NA,2019-08-14 12:34:17,FALSE,NA,"1161617035102752768",NA,"<a href=""https://mobile.twitter.com"" rel=""nofollow"">Twitter Web App</a>","KratomPlants4u",2,TRUE,FALSE,NA,NA
"72","@Peter_Grinspoon They need to take notice, every time they post all these unfounded lies, everyone puts nothing but… https://t.co/AqncR1PBPv",FALSE,1,"Peter_Grinspoon",2019-08-14 12:30:05,TRUE,"1161437000328724482","1161615978054258688","1548207565","<a href=""http://twitter.com/download/android"" rel=""nofollow"">Twitter for Android</a>","handballfreak69",1,FALSE,FALSE,NA,NA
"73","RT @michellelrhodes: KCPA filed on Ohio today. #kratom #ohioansforkratom #keepkratomlegal #followthescience #Kratomsaveslives 
https://t.co…",FALSE,0,NA,2019-08-14 12:18:28,FALSE,NA,"1161613054628564992",NA,"<a href=""http://twitter.com/download/android"" rel=""nofollow"">Twitter for Android</a>","KratomGuyShow",2,TRUE,FALSE,NA,NA
"74","@GingerhairGrnEy @John69nj @AmandaLatronica @puppyluvr312 I’ve heard a bunch about Kratom just don’t know anything… https://t.co/Ljm8Ek0ono",FALSE,0,"GingerhairGrnEy",2019-08-14 12:18:21,TRUE,"1161610052345745408","1161613024190500867","2452234892","<a href=""http://twitter.com/download/iphone"" rel=""nofollow"">Twitter for iPhone</a>","JustAShell2",0,FALSE,FALSE,NA,NA
"75","Considering kratom? Consider these quick facts and learn more about it: https://t.co/FQhOZ9NUBT https://t.co/ecQyByC8XA",FALSE,0,NA,2019-08-14 12:10:17,FALSE,NA,"1161610995187494913",NA,"<a href=""https://www.hootsuite.com"" rel=""nofollow"">Hootsuite Inc.</a>","opssinfo",1,FALSE,FALSE,NA,NA
"76","@JustAShell2 @John69nj @AmandaLatronica @puppyluvr312 Hey, when you go with withdraw get some Kratom, the dry powde… https://t.co/gPra9CVGxJ",FALSE,0,"JustAShell2",2019-08-14 12:06:32,TRUE,"1158804524632551424","1161610052345745408","1100961282801496064","<a href=""https://mobile.twitter.com"" rel=""nofollow"">Twitter Web App</a>","GingerhairGrnEy",0,FALSE,FALSE,NA,NA
"77","I have a friend who God told me to be his friend...for years. He went deep into opioid addiction, fentanyl, kratom,… https://t.co/Y74nfMKANR",FALSE,0,NA,2019-08-14 11:58:05,TRUE,NA,"1161607926315749377",NA,"<a href=""http://instagram.com"" rel=""nofollow"">Instagram</a>","mhtwigg",0,FALSE,FALSE,NA,NA
"78","@Sam43701314 @312BreakingNews @MoogieMonsters @jillyannjiggs @LelenaPeacock @painadvocateAR @tonirtx @fostergram4… https://t.co/iMLxQ0Vl6h",FALSE,2,"Sam43701314",2019-08-14 11:54:00,TRUE,"1161603682615595008","1161606894898860034","1044644037611925505","<a href=""https://mobile.twitter.com"" rel=""nofollow"">Twitter Web App</a>","Deeenst",0,FALSE,FALSE,NA,NA
"79","@raaleh Czar of coordinating your Oakleys with your kratom strain",FALSE,1,"raaleh",2019-08-14 11:31:43,FALSE,"1161597957277388806","1161601290079821825","2891352352","<a href=""http://twitter.com/download/android"" rel=""nofollow"">Twitter for Android</a>","antigravitybong",0,FALSE,FALSE,NA,NA
"80","Kratom advocates praise decision to delay potential ban in Ohio https://t.co/SAwWo97yZ6 https://t.co/G19rBKhAk9",FALSE,1,NA,2019-08-14 11:13:35,FALSE,NA,"1161596725578125312",NA,"<a href=""https://trueanthem.com/"" rel=""nofollow"">True Anthem</a>","WLWT",0,FALSE,FALSE,NA,NA
"81","Inauguramos la tienda de venta de kratom en España y Portugal.- https://t.co/mWQfOiGTmD",FALSE,0,NA,2019-08-14 10:36:38,FALSE,NA,"1161587428244774912",NA,"<a href=""https://mobile.twitter.com"" rel=""nofollow"">Twitter Web App</a>","ganjaonthewifi",0,FALSE,FALSE,NA,NA
"82","#KeepKratomLegal
#StopTheBans
https://t.co/2ohh16TGf8",FALSE,0,NA,2019-08-14 10:24:54,FALSE,NA,"1161584473097420801",NA,"<a href=""http://twitter.com/download/android"" rel=""nofollow"">Twitter for Android</a>","KratomNurse",0,FALSE,FALSE,NA,NA
"83","You can go to college here, enjoy tailgating and soak up the city's literary atmosphere, but you can't take kratom… https://t.co/ZtE01wGamh",FALSE,0,NA,2019-08-14 10:24:04,TRUE,NA,"1161584262908391426",NA,"<a href=""http://www.socialnewsdesk.com"" rel=""nofollow"">SocialNewsDesk</a>","hburgamerican",0,FALSE,FALSE,NA,NA
"84","RT @DrewTurner73: Some FDA Kratom FOIA goodness from the man @anthonyroberts. Please share this around and let's see what they contain.

#K…",FALSE,0,NA,2019-08-14 10:19:47,FALSE,NA,"1161583187534995458",NA,"<a href=""http://twitter.com/download/android"" rel=""nofollow"">Twitter for Android</a>","TamiMohrWPaint",15,TRUE,FALSE,NA,NA
"85","legalkan kratom https://t.co/ErUHOuSBzF",FALSE,0,NA,2019-08-14 09:24:51,FALSE,NA,"1161569360307077120",NA,"<a href=""https://mobile.twitter.com"" rel=""nofollow"">Twitter Web App</a>","hrustwn",0,FALSE,FALSE,NA,NA
"86","Ohio kratom ban postponed for further review https://t.co/MI4dk1fjzH https://t.co/WKHVJEi9j9",FALSE,0,NA,2019-08-14 09:17:56,FALSE,NA,"1161567623425003520",NA,"<a href=""http://publicize.wp.com/"" rel=""nofollow"">WordPress.com</a>","herbtechno",0,FALSE,FALSE,NA,NA
"87","RT @sorry_records: Dark Green energy and powdery goo coagulate to birth...

ART DLR - KRATOM ROCK

<ed><U+00A0><U+00BE><ed><U+00B7><U+00AA>Kratom Rock
ft. 
@GRANATATHEGRAPE

<ed><U+00A0><U+00BC><ed><U+00BD><U+00B5>Kra…",FALSE,0,NA,2019-08-14 08:56:26,FALSE,NA,"1161562210667130880",NA,"<a href=""http://twitter.com/download/iphone"" rel=""nofollow"">Twitter for iPhone</a>","DalessN",3,TRUE,FALSE,NA,NA
"88","@myhydromate1 Dear sir/Mdm, my name is guru. i am from Indonesia. i am exporter of herbal product from Indonesia. i… https://t.co/e636cCi5W4",FALSE,0,"myhydromate1",2019-08-14 08:54:02,TRUE,NA,"1161561608126005248","2251850161","<a href=""https://mobile.twitter.com"" rel=""nofollow"">Twitter Web App</a>","gurusave",0,FALSE,FALSE,NA,NA
"89","RT @TheKratomAssn: Celebrate the Ohio Victory by ordering a limited edition AKA shirt and hat! We're working with Custom Ink to sell AKA of…",FALSE,0,NA,2019-08-14 08:49:16,FALSE,NA,"1161560406420271109",NA,"<a href=""http://twitter.com/download/android"" rel=""nofollow"">Twitter for Android</a>","MrsJJKing",25,TRUE,FALSE,NA,NA
"90","RT @OhioPoliticsNow: Legislator says he introduced bill to keep kratom legal in Ohio to spur discussion https://t.co/XWHYFmSurz",FALSE,0,NA,2019-08-14 08:38:09,FALSE,NA,"1161557609054425088",NA,"<a href=""http://twitter.com/download/iphone"" rel=""nofollow"">Twitter for iPhone</a>","deathtocrazy",1,TRUE,FALSE,NA,NA
"91","@Justine Kratom. Well and puppies/kittens. https://t.co/z1LcipGt4s",FALSE,0,"Justine",2019-08-14 08:08:20,FALSE,"1161479809068875778","1161550107109711872","15695044","<a href=""http://twitter.com/download/android"" rel=""nofollow"">Twitter for Android</a>","DrewTurner73",0,FALSE,FALSE,NA,NA
"92","RT @yeet_scrapz: cinnamon challenge but with kratom",FALSE,0,NA,2019-08-14 07:40:43,FALSE,NA,"1161543156824969221",NA,"<a href=""https://mobile.twitter.com"" rel=""nofollow"">Twitter Web App</a>","TheRealBryanDol",2,TRUE,FALSE,NA,NA
"93","RT @yeet_scrapz: cinnamon challenge but with kratom",FALSE,0,NA,2019-08-14 07:39:01,FALSE,NA,"1161542728804687872",NA,"<a href=""http://twitter.com/download/iphone"" rel=""nofollow"">Twitter for iPhone</a>","asymptote421",2,TRUE,FALSE,NA,NA
"94","RT @Peter_Grinspoon: What to do about Kratom? Regulate? Legalize? Restrict? Outlaw??
Does it treat pain and addiction? Is it dangerous?

#k…",FALSE,0,NA,2019-08-14 07:37:40,FALSE,NA,"1161542389414223873",NA,"<a href=""http://www.plcnohlderlol789.com"" rel=""nofollow"">LatestModern</a>","Dopestofdope313",14,TRUE,FALSE,NA,NA
"95","cinnamon challenge but with kratom",FALSE,0,NA,2019-08-14 07:32:07,FALSE,NA,"1161540989955297280",NA,"<a href=""http://twitter.com/download/iphone"" rel=""nofollow"">Twitter for iPhone</a>","yeet_scrapz",2,FALSE,FALSE,NA,NA
"96","RT @Peter_Grinspoon: What to do about Kratom? Regulate? Legalize? Restrict? Outlaw??
Does it treat pain and addiction? Is it dangerous?

#k…",FALSE,0,NA,2019-08-14 07:28:41,FALSE,NA,"1161540129875513347",NA,"<a href=""http://twitter.com/download/iphone"" rel=""nofollow"">Twitter for iPhone</a>","legalize_NL",14,TRUE,FALSE,NA,NA
"97","Mo tanya2 ni pendapat kawan2 tentang kratom dan efeknya bagi kesehatan dan efeknya bagi bnn, dan apakah bnn perlu m… https://t.co/Qqv0U4pqD2",FALSE,0,NA,2019-08-14 07:26:47,TRUE,NA,"1161539651083165696",NA,"<a href=""http://twitter.com/download/android"" rel=""nofollow"">Twitter for Android</a>","BayuReinhard_",0,FALSE,FALSE,NA,NA
"98","@jim_okc @Peter_Grinspoon Funny part is there has been more and more research that keeps pointing to very interesti… https://t.co/DZdCuuYe17",FALSE,0,"jim_okc",2019-08-14 07:16:14,TRUE,"1161440763999326208","1161536996147367936","793620043","<a href=""http://twitter.com/download/android"" rel=""nofollow"">Twitter for Android</a>","DrewTurner73",0,FALSE,FALSE,NA,NA
"99","@MsAbigailMac @littlesexbuddha Is kratom legal in the usa?
They made it illegal in my country :(",FALSE,0,"MsAbigailMac",2019-08-14 07:12:08,FALSE,"1160647869834989568","1161535963262324738","526114597","<a href=""http://twitter.com/download/android"" rel=""nofollow"">Twitter for Android</a>","PeterP4n4",0,FALSE,FALSE,NA,NA
"100","@IwriteOK Damn we will be there in November hopefully filming. Would have been awesome linking up in relation to th… https://t.co/udKL5BuRhW",FALSE,1,"IwriteOK",2019-08-14 07:11:21,TRUE,"1161468242130395136","1161535765064671233","137395584","<a href=""http://twitter.com/download/android"" rel=""nofollow"">Twitter for Android</a>","DrewTurner73",0,FALSE,FALSE,NA,NA
