Name,City,State,Country/Area,Date,Project Area,District Decision,Type
King & Prince Seafood,Brunswick,GA,US,2010-06-04,Foodborne Biological Hazards,VAI,publicDB match
King & Prince Seafood,Brunswick,GA,US,2012-08-22,Foodborne Biological Hazards,NAI,publicDB match
"Inland Seafood, Inc.",Tucker,GA,US,2010-09-20,Foodborne Biological Hazards,VAI,publicDB match
"Inland Seafood, Inc.",Tucker,GA,US,2011-09-09,Food and Color Additives Petition Review,NAI,publicDB match
"Inland Seafood, Inc.",Tucker,GA,US,2011-09-09,Foodborne Biological Hazards,VAI,publicDB match
"Inland Seafood, Inc.",Tucker,GA,US,2011-09-09,Pesticides and Chemical Contaminants,VAI,publicDB match
"Inland Seafood, Inc.",Tucker,GA,US,2012-08-29,Foodborne Biological Hazards,NAI,publicDB match
Ocean Foods Inc,Atlanta,GA,US,2011-05-02,Foodborne Biological Hazards,VAI,publicDB match
Maruchan Virginia Incorporated,Richmond,VA,US,2009-09-21,Foodborne Biological Hazards,NAI,publicDB match
Maruchan Virginia Incorporated,Richmond,VA,US,2010-08-02,Foodborne Biological Hazards,VAI,publicDB match
Maruchan Virginia Incorporated,Richmond,VA,US,2010-08-02,"Food Composition, Standards, Labeling and Econ",VAI,publicDB match
Maruchan Virginia Incorporated,Richmond,VA,US,2011-08-31,Foodborne Biological Hazards,NAI,publicDB match
Maruchan Virginia Incorporated,Richmond,VA,US,2015-07-08,Foodborne Biological Hazards,VAI,publicDB match
"Global Marketing Enterprises, Inc.",Chicago,IL,US,2015-07-08,Foodborne Biological Hazards,VAI,publicDB match
Supreme Lobster & Seafood Co.,Villa Park,IL,US,2009-06-02,Foodborne Biological Hazards,VAI,publicDB match
Supreme Lobster & Seafood Co.,Villa Park,IL,US,2010-06-07,Foodborne Biological Hazards,NAI,publicDB match
Lien Hoa Food Corp.,Chicago,IL,US,2010-06-14,Foodborne Biological Hazards,NAI,publicDB match
Houston Seafood Corp.,Houston,TX,US,2014-03-07,Foodborne Biological Hazards,VAI,publicDB match
"Makola Imports, Inc",Houston,TX,US,2014-12-30,Foodborne Biological Hazards,VAI,publicDB match
Mv & Sons Texas LP,Houston,TX,US,2009-05-19,Foodborne Biological Hazards,VAI,publicDB match
Mv & Sons Texas LP,Houston,TX,US,2010-08-26,Food and Color Additives Petition Review,VAI,publicDB match
Mv & Sons Texas LP,Houston,TX,US,2010-08-26,Foodborne Biological Hazards,VAI,publicDB match
Mv & Sons Texas LP,Houston,TX,US,2010-08-26,Pesticides and Chemical Contaminants,VAI,publicDB match
Mv & Sons Texas LP,Houston,TX,US,2012-03-27,Foodborne Biological Hazards,VAI,publicDB match
"Gulf King Services, Inc",Aransas Pass,TX,US,2010-11-15,Pesticides and Chemical Contaminants,NAI,publicDB match
"Gulf King Services, Inc",Aransas Pass,TX,US,2011-03-29,Foodborne Biological Hazards,NAI,publicDB match
"Gulf King Services, Inc",Aransas Pass,TX,US,2011-03-29,Pesticides and Chemical Contaminants,NAI,publicDB match
"Tampa Bay Fisheries, Inc.",Dover,FL,US,2009-03-02,Foodborne Biological Hazards,VAI,publicDB match
"Tampa Bay Fisheries, Inc.",Dover,FL,US,2010-06-28,Pesticides and Chemical Contaminants,NAI,publicDB match
"Tampa Bay Fisheries, Inc.",Dover,FL,US,2013-09-03,Foodborne Biological Hazards,NAI,publicDB match
"Tampa Bay Fisheries, Inc.",Dover,FL,US,2013-09-03,Pesticides and Chemical Contaminants,NAI,publicDB match
"Keys Fisheries, Inc.",Marathon,FL,US,2011-03-15,Food and Color Additives Petition Review,NAI,publicDB match
"Keys Fisheries, Inc.",Marathon,FL,US,2011-03-15,Foodborne Biological Hazards,VAI,publicDB match
"Keys Fisheries, Inc.",Marathon,FL,US,2011-03-15,Pesticides and Chemical Contaminants,NAI,publicDB match
"Jomara Seafood, Inc.",Hialeah,FL,US,2011-06-21,Food and Color Additives Petition Review,NAI,publicDB match
"Jomara Seafood, Inc.",Hialeah,FL,US,2011-06-21,Foodborne Biological Hazards,VAI,publicDB match
"Jomara Seafood, Inc.",Hialeah,FL,US,2011-06-21,Pesticides and Chemical Contaminants,NAI,publicDB match
"Bama Sea Products,  Inc.",St Petersburg,FL,US,2009-04-24,Foodborne Biological Hazards,VAI,publicDB match
"Bama Sea Products,  Inc.",St Petersburg,FL,US,2010-06-30,Pesticides and Chemical Contaminants,NAI,publicDB match
"Bama Sea Products,  Inc.",St Petersburg,FL,US,2010-08-30,Foodborne Biological Hazards,VAI,publicDB match
Performance Food Group Inc.,Miami,FL,US,2013-07-02,Foodborne Biological Hazards,VAI,publicDB match
Performance Food Group Inc.,Miami,FL,US,2013-07-02,Pesticides and Chemical Contaminants,VAI,publicDB match
"Pacific Coral Seafood, Inc.",Miami,FL,US,2011-01-27,Foodborne Biological Hazards,VAI,publicDB match
Bailey's Seafood Inc,Lakeland,FL,US,2010-09-27,Foodborne Biological Hazards,VAI,publicDB match
"Pescanova,  Inc",Coral Gables,FL,US,2008-10-10,Foodborne Biological Hazards,NAI,publicDB match
"Pescanova,  Inc",Coral Gables,FL,US,2011-01-28,Foodborne Biological Hazards,VAI,publicDB match
Caribco Shrimp Corporation,Miami,FL,US,2010-02-02,Foodborne Biological Hazards,NAI,publicDB match
Kingmar Seafood Corp,Miami,FL,US,2010-04-26,Foodborne Biological Hazards,VAI,publicDB match
Interoceanic Seafood Corporation,Miami,FL,US,2013-04-09,Foodborne Biological Hazards,VAI,publicDB match
Harvest Valley Inc.,Miami Lakes,FL,US,2011-02-04,Foodborne Biological Hazards,VAI,publicDB match
Harvest Valley Inc.,Miami Lakes,FL,US,2011-09-20,Foodborne Biological Hazards,OAI,publicDB match
Harvest Valley Inc.,Miami Lakes,FL,US,2012-11-27,Foodborne Biological Hazards,OAI,publicDB match
Harvest Valley Inc.,Miami Lakes,FL,US,2014-01-06,Foodborne Biological Hazards,OAI,publicDB match
Harvest Valley Inc.,Miami Lakes,FL,US,2015-04-21,Food and Color Additives Petition Review,NAI,publicDB match
Harvest Valley Inc.,Miami Lakes,FL,US,2015-04-21,Foodborne Biological Hazards,VAI,publicDB match
Harvest Valley Inc.,Miami Lakes,FL,US,2015-04-21,Pesticides and Chemical Contaminants,NAI,publicDB match
Seajoy Seafood Corporation,Miami,FL,US,2015-10-15,Foodborne Biological Hazards,VAI,publicDB match
Sea Snack Foods Inc,Los Angeles,CA,US,2009-09-23,Foodborne Biological Hazards,NAI,publicDB match
Sea Snack Foods Inc,Los Angeles,CA,US,2010-05-21,Foodborne Biological Hazards,NAI,publicDB match
Sea Snack Foods Inc,Los Angeles,CA,US,2010-11-09,Foodborne Biological Hazards,VAI,publicDB match
Sea Snack Foods Inc,Los Angeles,CA,US,2015-07-30,Foodborne Biological Hazards,NAI,publicDB match
Ore-Cal Corporation,Los Angeles,CA,US,2009-12-15,Foodborne Biological Hazards,VAI,publicDB match
Ore-Cal Corporation,Los Angeles,CA,US,2015-05-06,Foodborne Biological Hazards,NAI,publicDB match
Ore-Cal Corporation,Los Angeles,CA,US,2015-05-06,"Food Composition, Standards, Labeling and Econ",NAI,publicDB match
Wei-Chuan USA Inc,Bell Gardens,CA,US,2009-08-21,Foodborne Biological Hazards,VAI,publicDB match
Wei-Chuan USA Inc,Bell Gardens,CA,US,2012-03-27,Foodborne Biological Hazards,NAI,publicDB match
Roxy Trading Inc,Pomona,CA,US,2010-05-21,Foodborne Biological Hazards,VAI,publicDB match
Roxy Trading Inc,Pomona,CA,US,2012-07-16,Foodborne Biological Hazards,VAI,publicDB match
"First-indo American, Corp. DBA Empire International Company",Ontario,CA,US,2010-04-16,Foodborne Biological Hazards,VAI,publicDB match
"First-indo American, Corp. DBA Empire International Company",Ontario,CA,US,2012-06-14,Foodborne Biological Hazards,NAI,publicDB match
Atlapac Trading Company Inc,Commerce,CA,US,2015-11-04,Foodborne Biological Hazards,VAI,publicDB match
Red Chamber Company,Vernon,CA,US,2011-01-21,Foodborne Biological Hazards,NAI,publicDB match
Red Chamber Company,Vernon,CA,US,2015-12-09,Foodborne Biological Hazards,NAI,publicDB match
Mariscos Bahia Inc,Maywood,CA,US,2011-09-15,Foodborne Biological Hazards,NAI,publicDB match
Mariscos Bahia Inc,Maywood,CA,US,2014-09-09,Foodborne Biological Hazards,VAI,publicDB match
Richin Trading Inc,Alhambra,CA,US,2016-03-01,Foodborne Biological Hazards,VAI,publicDB match
Pacific American Fish Co Inc,Vernon,CA,US,2013-05-29,Foodborne Biological Hazards,VAI,publicDB match
Yu I Hsiang Usa Corp Dba Fortuna Seafoods,Long Beach,CA,US,2014-09-08,Foodborne Biological Hazards,NAI,publicDB match
"Contessa Premium Foods, Inc.",San Pedro,CA,US,2011-01-26,Foodborne Biological Hazards,NAI,publicDB match
"H. C. Foods Co., Ltd",Commerce,CA,US,2011-10-25,Foodborne Biological Hazards,VAI,publicDB match
"H. C. Foods Co., Ltd",Commerce,CA,US,2011-10-25,"Food Composition, Standards, Labeling and Econ",VAI,publicDB match
"H. C. Foods Co., Ltd",Commerce,CA,US,2014-09-09,Foodborne Biological Hazards,VAI,publicDB match
"J. DeLuca Fish Company, Inc.",San Pedro,CA,US,2010-07-01,Foodborne Biological Hazards,VAI,publicDB match
"J. DeLuca Fish Company, Inc.",San Pedro,CA,US,2011-09-01,Foodborne Biological Hazards,OAI,publicDB match
"J. DeLuca Fish Company, Inc.",San Pedro,CA,US,2015-08-31,Foodborne Biological Hazards,VAI,publicDB match
P.S.W. Inc. dba Taste Nirvana,Walnut,CA,US,2012-11-27,Foodborne Biological Hazards,NAI,publicDB match
Hong Chang Corporation,Santa Fe Springs,CA,US,2011-11-15,Foodborne Biological Hazards,VAI,publicDB match
"Maruchan, Inc.",Irvine,CA,US,2011-09-15,Foodborne Biological Hazards,VAI,publicDB match
"Maruchan, Inc.",Irvine,CA,US,2014-01-15,Foodborne Biological Hazards,VAI,publicDB match
"Maruchan, Inc.",Irvine,CA,US,2016-01-29,Foodborne Biological Hazards,VAI,publicDB match
Linkway Corparation,Gardena,CA,US,2015-08-19,Foodborne Biological Hazards,NAI,publicDB match
Oriental Food Bank Inc,Commerce,CA,US,2014-09-11,Foodborne Biological Hazards,NAI,publicDB match
Oriental Food Bank Inc,Commerce,CA,US,2016-03-09,Foodborne Biological Hazards,NAI,publicDB match
Atlantis Seafood LLC dba Sea Catch,City of Industry,CA,US,2010-09-15,Foodborne Biological Hazards,VAI,publicDB match
Atlantis Seafood LLC dba Sea Catch,City of Industry,CA,US,2012-01-11,Foodborne Biological Hazards,VAI,publicDB match
"Hung Chong Lung, Inc.",La Puente,CA,US,2011-10-31,Foodborne Biological Hazards,VAI,publicDB match
Jefi Enterprise USA Inc,Tustin,CA,US,2015-07-30,Foodborne Biological Hazards,NAI,publicDB match
"H & T Seafood, Inc.",Bell,CA,US,2009-10-29,Foodborne Biological Hazards,NAI,publicDB match
"H & T Seafood, Inc.",Bell,CA,US,2015-01-15,Foodborne Biological Hazards,OAI,publicDB match
Richwell Group Inc.,City Of Industry,CA,US,2016-03-15,Foodborne Biological Hazards,NAI,publicDB match
Chaur Fong Inc. dba 888 Food Company,S El Monte,CA,US,2009-08-28,Foodborne Biological Hazards,OAI,publicDB match
Chaur Fong Inc. dba 888 Food Company,S El Monte,CA,US,2011-02-15,Foodborne Biological Hazards,VAI,publicDB match
H & N Group Inc.,Vernon,CA,US,2015-05-27,Foodborne Biological Hazards,NAI,publicDB match
H & N Group Inc.,Vernon,CA,US,2015-05-27,"Food Composition, Standards, Labeling and Econ",NAI,publicDB match
"Blessing Seafood, Inc.",Tucson,AZ,US,2010-06-18,Foodborne Biological Hazards,VAI,publicDB match
"Blessing Seafood, Inc.",Tucson,AZ,US,2011-06-14,Foodborne Biological Hazards,VAI,publicDB match
"Blessing Seafood, Inc.",Tucson,AZ,US,2012-01-06,Foodborne Biological Hazards,VAI,publicDB match
"Contessa Premium Foods, Inc.",Commerce,CA,US,2008-12-22,Foodborne Biological Hazards,NAI,publicDB match
"Contessa Premium Foods, Inc.",Commerce,CA,US,2010-06-29,Foodborne Biological Hazards,NAI,publicDB match
"Contessa Premium Foods, Inc.",Commerce,CA,US,2012-03-01,Foodborne Biological Hazards,NAI,publicDB match
"Gulf Marine Products Co., Inc.",Westwego,LA,US,2015-12-22,Foodborne Biological Hazards,NAI,publicDB match
Maloney Seafood Corporation,Quincy,MA,US,2015-10-20,Foodborne Biological Hazards,NAI,publicDB match
Intl Marketing Specialists Inc,West Newton,MA,US,2015-10-23,Foodborne Biological Hazards,NAI,publicDB match
Endeavor Seafood,Newport,RI,US,2009-06-01,Foodborne Biological Hazards,NAI,publicDB match
"APS, LLC",New Bedford,MA,US,2010-10-15,Foodborne Biological Hazards,VAI,publicDB match
Mitsui Foods Inc,Norwood,NJ,US,2014-05-06,Foodborne Biological Hazards,NAI,publicDB match
"Well Luck Company, Inc.",Jersey City,NJ,US,2013-05-03,Foodborne Biological Hazards,VAI,publicDB match
"Expack Seafood, Inc.",Woodbridge,NJ,US,2010-07-30,Foodborne Biological Hazards,NAI,publicDB match
"Expack Seafood, Inc.",Woodbridge,NJ,US,2012-08-28,Foodborne Biological Hazards,NAI,publicDB match
"Torry Harris, Inc.",Perth Amboy,NJ,US,2013-07-11,Foodborne Biological Hazards,VAI,publicDB match
"LM Foods, LLC",Carteret,NJ,US,2016-01-20,Foodborne Biological Hazards,NAI,publicDB match
Amoy North America Inc.,Saddle Brook,NJ,US,2011-05-19,Foodborne Biological Hazards,NAI,publicDB match
Eastern Fish Company,Teaneck,NJ,US,2011-07-07,Foodborne Biological Hazards,NAI,publicDB match
"Choice Canning Company, Inc.",Jersey City,NJ,US,2011-07-21,Foodborne Biological Hazards,NAI,publicDB match
"Key Seafood Imports, Inc.",Perth Amboy,NJ,US,2014-06-05,Foodborne Biological Hazards,NAI,publicDB match
"Food Gusto, Inc.",Paterson,NJ,US,2010-05-12,Foodborne Biological Hazards,VAI,publicDB match
"Food Gusto, Inc.",Paterson,NJ,US,2011-08-01,Foodborne Biological Hazards,NAI,publicDB match
"Seoul Shik Poom, Inc.",Englewood,NJ,US,2015-07-28,Foodborne Biological Hazards,NAI,publicDB match
Tristar Food Wholesale Co Inc,Jersey City,NJ,US,2011-03-25,Foodborne Biological Hazards,VAI,publicDB match
ACC Foods LLC,West Deptford,NJ,US,2012-04-02,Foodborne Biological Hazards,NAI,publicDB match
DAIFUKU TRADING CORP.,Englewood,NJ,US,2011-09-28,Foodborne Biological Hazards,VAI,publicDB match
Koryeo International Corp.,Jersey City,NJ,US,2012-02-17,Foodborne Biological Hazards,VAI,publicDB match
Darik Enterprises Incorporated,New Hyde Park,NY,US,2014-02-07,Foodborne Biological Hazards,NAI,publicDB match
"World Wide Food Products, Inc.",Jamaica,NY,US,2010-01-21,Foodborne Biological Hazards,NAI,publicDB match
Diversified Processors Inc.,Westbury,NY,US,2011-04-29,Foodborne Biological Hazards,NAI,publicDB match
Diversified Processors Inc.,Westbury,NY,US,2011-04-29,"Food Composition, Standards, Labeling and Econ",NAI,publicDB match
Crystal Cove Seafood Corp.,Floral Park,NY,US,2009-11-05,Foodborne Biological Hazards,VAI,publicDB match
"J. F. Clarke, Corp.",Franklin Square,NY,US,2015-04-03,Foodborne Biological Hazards,NAI,publicDB match
Best Choice Trading Corp.,Brooklyn,NY,US,2012-04-27,Foodborne Biological Hazards,VAI,publicDB match
Starway Inc.,Brooklyn,NY,US,2014-07-30,Foodborne Biological Hazards,VAI,publicDB match
Way Fong LLC,Maspeth,NY,US,2011-11-10,Foodborne Biological Hazards,OAI,publicDB match
Sunrise 2006 Inc.,Elmhurst,NY,US,2015-05-19,Foodborne Biological Hazards,VAI,publicDB match
Empire Seafood International,Flushing,NY,US,2015-05-08,Foodborne Biological Hazards,VAI,publicDB match
Seafood Expert West Inc,Flushing,NY,US,2015-04-30,Foodborne Biological Hazards,OAI,publicDB match
Best Import Export Corporation,Brooklyn,NY,US,2014-10-03,Foodborne Biological Hazards,NAI,publicDB match
Yandi New York Trading Co Ltd,Brooklyn,NY,US,2015-06-10,Foodborne Biological Hazards,NAI,publicDB match
Green Island Import & Export USA Inc.,Brooklyn,NY,US,2014-04-07,Foodborne Biological Hazards,VAI,publicDB match
Green Island Import & Export USA Inc.,Brooklyn,NY,US,2014-11-06,Foodborne Biological Hazards,NAI,publicDB match
Sunlike Trading Inc.,Brooklyn,NY,US,2014-03-27,Foodborne Biological Hazards,OAI,publicDB match
Sunlike Trading Inc.,Brooklyn,NY,US,2015-03-17,Foodborne Biological Hazards,NAI,publicDB match
Premium Ocean LLC,Bronx,NY,US,2014-11-12,Foodborne Biological Hazards,VAI,publicDB match
Samuels & Son Seafood Co Inc,Philadelphia,PA,US,2009-02-18,Foodborne Biological Hazards,VAI,publicDB match
Samuels & Son Seafood Co Inc,Philadelphia,PA,US,2009-11-17,Foodborne Biological Hazards,VAI,publicDB match
Foodasia International Corp,South San Francisco,CA,US,2010-07-07,Foodborne Biological Hazards,NAI,publicDB match
Foodasia International Corp,South San Francisco,CA,US,2011-06-15,Foodborne Biological Hazards,NAI,publicDB match
"SSC, Incorporated",Union City,CA,US,2010-08-12,Foodborne Biological Hazards,VAI,publicDB match
"SSC, Incorporated",Union City,CA,US,2015-09-01,Foodborne Biological Hazards,VAI,publicDB match
"D and T Foods, Inc.",Santa Clara,CA,US,2010-08-05,Foodborne Biological Hazards,NAI,publicDB match
Azuma Foods International Inc USA,Hayward,CA,US,2009-10-27,Foodborne Biological Hazards,VAI,publicDB match
Azuma Foods International Inc USA,Hayward,CA,US,2009-10-27,"Food Composition, Standards, Labeling and Econ",NAI,publicDB match
Azuma Foods International Inc USA,Hayward,CA,US,2010-06-18,Foodborne Biological Hazards,VAI,publicDB match
Azuma Foods International Inc USA,Hayward,CA,US,2010-12-09,Foodborne Biological Hazards,VAI,publicDB match
Inter-Ocean Seafood Traders Inc,San Carlos,CA,US,2010-11-17,Foodborne Biological Hazards,OAI,publicDB match
Inter-Ocean Seafood Traders Inc,San Carlos,CA,US,2012-05-18,Foodborne Biological Hazards,NAI,publicDB match
Inter-Ocean Seafood Traders Inc,San Carlos,CA,US,2014-12-17,Foodborne Biological Hazards,VAI,publicDB match
Evershing International Trading Inc.,San Jose,CA,US,2012-05-15,Foodborne Biological Hazards,VAI,publicDB match
Evershing International Trading Inc.,San Jose,CA,US,2015-09-18,Foodborne Biological Hazards,VAI,publicDB match
"TV Food, LLC",San Leandro,CA,US,2010-12-16,Foodborne Biological Hazards,VAI,publicDB match
"Calbee North America, LLC",Fairfield,CA,US,2008-11-20,Food and Color Additives Petition Review,NAI,publicDB match
"Calbee North America, LLC",Fairfield,CA,US,2008-11-20,Foodborne Biological Hazards,VAI,publicDB match
"Calbee North America, LLC",Fairfield,CA,US,2008-11-20,Pesticides and Chemical Contaminants,NAI,publicDB match
"Calbee North America, LLC",Fairfield,CA,US,2011-07-06,Foodborne Biological Hazards,VAI,publicDB match
"Calbee North America, LLC",Fairfield,CA,US,2014-03-13,Foodborne Biological Hazards,VAI,publicDB match
"Calbee North America, LLC",Fairfield,CA,US,2014-03-13,"Food Composition, Standards, Labeling and Econ",VAI,publicDB match
"Pacific Fishing & Supply, Inc.",Honolulu,HI,US,2010-04-26,Foodborne Biological Hazards,VAI,publicDB match
"Ocean Beauty Seafoods, LLC",Seattle,WA,US,2010-01-20,Foodborne Biological Hazards,NAI,publicDB match
Scan American International Company Dba Scan American,Monroe,WA,US,2010-04-08,Foodborne Biological Hazards,NAI,publicDB match
Scan American International Company Dba Scan American,Monroe,WA,US,2012-06-04,Foodborne Biological Hazards,NAI,publicDB match
Sea Port Products Corp,Kirkland,WA,US,2015-05-07,Foodborne Biological Hazards,NAI,publicDB match
Admiralty Island Fisheries Inc,Seattle,WA,US,2014-10-28,Foodborne Biological Hazards,NAI,publicDB match
Admiralty Island Fisheries Inc,Seattle,WA,US,2014-10-28,"Food Composition, Standards, Labeling and Econ",NAI,publicDB match
"Hui Intertrading, Inc.",Seattle,WA,US,2012-05-23,Foodborne Biological Hazards,NAI,publicDB match
"Hui Intertrading, Inc.",Seattle,WA,US,2012-05-23,Foodborne Biological Hazards,VAI,publicDB match
"Nichirei Seafoods, Inc.",Seattle,WA,US,2009-04-29,Foodborne Biological Hazards,VAI,publicDB match
"Nichirei Seafoods, Inc.",Seattle,WA,US,2012-06-12,Foodborne Biological Hazards,NAI,publicDB match
"Trafon Group, Inc.",Puerto Nuevo,PR,US,2012-11-28,Foodborne Biological Hazards,OAI,publicDB match
"Trafon Group, Inc.",Puerto Nuevo,PR,US,2012-11-28,"Food Composition, Standards, Labeling and Econ",NAI,publicDB match
"Trafon Group, Inc.",Puerto Nuevo,PR,US,2013-12-18,Foodborne Biological Hazards,VAI,publicDB match
all harvest trading LLC,Houston,TX,US,2009-08-28,Foodborne Biological Hazards,VAI,publicDB match
all harvest trading LLC,Houston,TX,US,2011-09-13,Foodborne Biological Hazards,VAI,publicDB match
Mega Harvest Corporation,Houston,TX,US,2015-07-22,Foodborne Biological Hazards,VAI,publicDB match
"fortune fish co., llc",Bensenville,IL,US,2010-03-24,Foodborne Biological Hazards,VAI,publicDB match
cincinnati seafood imports,Loveland,OH,US,2009-07-24,Foodborne Biological Hazards,VAI,publicDB match
cincinnati seafood imports,Loveland,OH,US,2009-07-24,"Food Composition, Standards, Labeling and Econ",NAI,publicDB match
tex-mex cold storage inc,Brownsville,TX,US,2010-05-19,Foodborne Biological Hazards,VAI,publicDB match
tex-mex cold storage inc,Brownsville,TX,US,2010-12-07,Pesticides and Chemical Contaminants,NAI,publicDB match
tex-mex cold storage inc,Brownsville,TX,US,2011-05-20,Foodborne Biological Hazards,NAI,publicDB match
tex-mex cold storage inc,Brownsville,TX,US,2011-05-20,Pesticides and Chemical Contaminants,NAI,publicDB match
"chungs products, lp",Houston,TX,US,2009-07-14,Foodborne Biological Hazards,OAI,publicDB match
"sysco louisiana seafood, llc",Houston,TX,US,2010-01-29,Foodborne Biological Hazards,VAI,publicDB match
"sysco louisiana seafood, llc",Houston,TX,US,2011-07-20,Food and Color Additives Petition Review,VAI,publicDB match
"sysco louisiana seafood, llc",Houston,TX,US,2011-07-20,Foodborne Biological Hazards,VAI,publicDB match
"sysco louisiana seafood, llc",Houston,TX,US,2011-07-20,Pesticides and Chemical Contaminants,NAI,publicDB match
"sysco louisiana seafood, llc",Houston,TX,US,2012-04-23,Foodborne Biological Hazards,NAI,publicDB match
"placeres & sons seafoods, inc.",Hialeah,FL,US,2010-07-14,Pesticides and Chemical Contaminants,NAI,publicDB match
"north star seafood, inc.",Pompano Beach,FL,US,2011-02-08,Foodborne Biological Hazards,NAI,publicDB match
"mpi fisheries imports, inc.",Vernon,CA,US,2015-10-23,Foodborne Biological Hazards,NAI,publicDB match
t & l trading inc,Montebello,CA,US,2013-07-02,Foodborne Biological Hazards,VAI,publicDB match
"CJ America, Inc.",Fullerton,CA,US,2011-06-22,Foodborne Biological Hazards,VAI,publicDB match
"CJ America, Inc.",Fullerton,CA,US,2015-06-18,Foodborne Biological Hazards,VAI,publicDB match
maria s. aviles,Los Angeles,CA,US,2009-05-01,Foodborne Biological Hazards,OAI,publicDB match
NA,Gardena,CA,US,2014-04-24,Foodborne Biological Hazards,NAI,publicDB match
Min Jiang Food Store Inc DBA Koi Koi Trading Inc,Montebello,CA,US,2015-06-25,Foodborne Biological Hazards,VAI,publicDB match
keysource foods,Torrance,CA,US,2014-12-02,Foodborne Biological Hazards,OAI,publicDB match
keysource foods,Torrance,CA,US,2015-09-17,Foodborne Biological Hazards,NAI,publicDB match
"seatrade international, llc",New Bedford,MA,US,2009-07-13,Foodborne Biological Hazards,VAI,publicDB match
browne trading co.,Portland,ME,US,2013-07-11,Foodborne Biological Hazards,OAI,publicDB match
browne trading co.,Portland,ME,US,2014-04-16,Foodborne Biological Hazards,OAI,publicDB match
"cozy harbor seafood, inc.",Portland,ME,US,2010-01-15,Foodborne Biological Hazards,NAI,publicDB match
water lilies food inc.,Astoria,NY,US,2009-05-06,Foodborne Biological Hazards,NAI,publicDB match
water lilies food inc.,Astoria,NY,US,2010-01-22,Foodborne Biological Hazards,NAI,publicDB match
water lilies food inc.,Astoria,NY,US,2013-10-10,Foodborne Biological Hazards,VAI,publicDB match
"blue river seafood, inc.",Hayward,CA,US,2014-07-29,Foodborne Biological Hazards,OAI,publicDB match
"blue river seafood, inc.",Hayward,CA,US,2015-11-05,Foodborne Biological Hazards,VAI,publicDB match
Seoul Trading Inc.,Auburn,WA,US,2013-04-17,Foodborne Biological Hazards,VAI,publicDB match
kamco seafood inc.,Seattle,WA,US,2014-03-06,Foodborne Biological Hazards,VAI,publicDB match
"ama packing, llc",Brownsville,TX,US,2009-07-23,Foodborne Biological Hazards,NAI,publicDB match
ross & bill investments llc,Arlington,TX,US,2015-08-11,Foodborne Biological Hazards,VAI,publicDB match
King & Prince Seafood,Brunswick,GA,United States,2006-08-08,Foodborne Biological Hazards,NAI,NAI only
King & Prince Seafood,Brunswick,GA,United States,2006-08-08,Pesticides and Chemical Contaminants,NAI,NAI only
King & Prince Seafood,Brunswick,GA,United States,2006-08-08,Food and Color Additives Petition Review,NAI,NAI only
King & Prince Seafood,Brunswick,GA,United States,2007-05-29,Foodborne Biological Hazards,NAI,NAI only
King & Prince Seafood,Brunswick,GA,United States,2008-04-11,Foodborne Biological Hazards,NAI,NAI only
King & Prince Seafood,Brunswick,GA,United States,2008-04-11,Pesticides and Chemical Contaminants,NAI,NAI only
King & Prince Seafood,Brunswick,GA,United States,2008-04-11,Food and Color Additives Petition Review,NAI,NAI only
King & Prince Seafood,Brunswick,GA,United States,2009-07-21,Foodborne Biological Hazards,NAI,NAI only
"DN Foods, Inc.",Atlanta,GA,United States,2009-06-10,Foodborne Biological Hazards,NAI,NAI only
"T&T International Seafood, Inc.",Norcross,GA,United States,2009-05-28,Foodborne Biological Hazards,NAI,NAI only
"T&T International Seafood, Inc.",Norcross,GA,United States,2010-12-02,Foodborne Biological Hazards,NAI,NAI only
"Inland Seafood, Inc.",Tucker,GA,United States,2006-03-16,Foodborne Biological Hazards,NAI,NAI only
"Inland Seafood, Inc.",Tucker,GA,United States,2006-03-16,Pesticides and Chemical Contaminants,NAI,NAI only
"Inland Seafood, Inc.",Tucker,GA,United States,2006-03-16,Food and Color Additives Petition Review,NAI,NAI only
"Inland Seafood, Inc.",Tucker,GA,United States,2007-09-14,Foodborne Biological Hazards,NAI,NAI only
"Inland Seafood, Inc.",Tucker,GA,United States,2008-06-30,Foodborne Biological Hazards,NAI,NAI only
Eastland Food Corporation,Jessup,MD,United States,2008-08-12,Foodborne Biological Hazards,NAI,NAI only
Hanmi Incorporated,Columbia,MD,United States,2008-09-12,Foodborne Biological Hazards,NAI,NAI only
Aqua Beauty Inc,Columbia,MD,United States,2006-09-13,Foodborne Biological Hazards,NAI,NAI only
Aqua Beauty Inc,Columbia,MD,United States,2007-09-20,Foodborne Biological Hazards,NAI,NAI only
Ocean to Ocean Seafood LLC,Virginia Beach,VA,United States,2007-09-28,Foodborne Biological Hazards,NAI,NAI only
Philippine Food Corp,Chicago,IL,United States,2013-04-29,Foodborne Biological Hazards,NAI,NAI only
"Golden Country Oriental Food, L.L.C.",Chicago,IL,United States,2011-02-09,Foodborne Biological Hazards,NAI,NAI only
"Global Marketing Enterprises, Inc.",Chicago,IL,United States,2008-06-18,Foodborne Biological Hazards,NAI,NAI only
Supreme Lobster & Seafood Co.,Villa Park,IL,United States,2007-06-28,Foodborne Biological Hazards,NAI,NAI only
"Gulf King Services, Inc",Aransas Pass,TX,United States,2007-12-11,Foodborne Biological Hazards,NAI,NAI only
"Beaver Street Fisheries, Inc.",Jacksonville,FL,United States,2006-05-25,Foodborne Biological Hazards,NAI,NAI only
"Beaver Street Fisheries, Inc.",Jacksonville,FL,United States,2006-05-25,Pesticides and Chemical Contaminants,NAI,NAI only
"Beaver Street Fisheries, Inc.",Jacksonville,FL,United States,2006-05-25,Food and Color Additives Petition Review,NAI,NAI only
"Beaver Street Fisheries, Inc.",Jacksonville,FL,United States,2015-03-25,Foodborne Biological Hazards,NAI,NAI only
"Keys Fisheries, Inc.",Marathon,FL,United States,2016-01-13,Foodborne Biological Hazards,NAI,NAI only
"Bama Sea Products,  Inc.",St Petersburg,FL,United States,2011-04-05,Pesticides and Chemical Contaminants,NAI,NAI only
Blue Parrot Distributors Corp,Miami,FL,United States,2012-05-23,Foodborne Biological Hazards,NAI,NAI only
Shells & Fish Import and Export Co.,Miami,FL,United States,2008-06-04,Foodborne Biological Hazards,NAI,NAI only
Mutual Trading Company Inc,Los Angeles,CA,United States,2008-09-25,Foodborne Biological Hazards,NAI,NAI only
Mutual Trading Company Inc,Los Angeles,CA,United States,2009-02-11,Foodborne Biological Hazards,NAI,NAI only
Sea Snack Foods Inc,Los Angeles,CA,United States,2007-09-20,Foodborne Biological Hazards,NAI,NAI only
Ore-Cal Corporation,Los Angeles,CA,United States,2008-04-17,Foodborne Biological Hazards,NAI,NAI only
Peacock Cheese Distributing Corp,Los Angeles,CA,United States,2007-11-27,Foodborne Biological Hazards,NAI,NAI only
Wei-Chuan USA Inc,Bell Gardens,CA,United States,2016-05-03,Foodborne Biological Hazards,NAI,NAI only
Anhing Corporation,City of Industry,CA,United States,2014-09-15,Foodborne Biological Hazards,NAI,NAI only
Hocean Inc,Commerce,CA,United States,2008-04-22,Foodborne Biological Hazards,NAI,NAI only
Red Chamber Company,Vernon,CA,United States,2011-10-07,Foodborne Biological Hazards,NAI,NAI only
"Arko Foods International, Inc. dba Asian Commodities Company",Los Angeles,CA,United States,2009-02-04,Foodborne Biological Hazards,NAI,NAI only
Sea Win Inc,Los Angeles,CA,United States,2009-02-11,Foodborne Biological Hazards,NAI,NAI only
Petrovich Caviar Inc,Gardena,CA,United States,2014-09-22,Foodborne Biological Hazards,NAI,NAI only
H & N Group Inc.,Vernon,CA,United States,2014-06-30,Foodborne Biological Hazards,NAI,NAI only
YONG MING INTERNATIONAL GROUP INC.,El Monte,CA,United States,2006-07-26,Foodborne Biological Hazards,NAI,NAI only
Ocean Bistro Corp,Vernon,CA,United States,2015-01-21,Foodborne Biological Hazards,NAI,NAI only
MPI Fisheries Inc.,Vernon,CA,United States,2005-10-27,Foodborne Biological Hazards,NAI,NAI only
MPI Fisheries Inc.,Vernon,CA,United States,2006-03-21,Foodborne Biological Hazards,NAI,NAI only
MPI Fisheries Inc.,Vernon,CA,United States,2010-01-20,Foodborne Biological Hazards,NAI,NAI only
"APS, LLC",New Bedford,MA,United States,2006-09-21,Foodborne Biological Hazards,NAI,NAI only
Mitsui Foods Inc,Norwood,NJ,United States,2008-07-09,Foodborne Biological Hazards,NAI,NAI only
Rema Foods Inc,Englewood Cliffs,NJ,United States,2007-10-11,Foodborne Biological Hazards,NAI,NAI only
"Well Luck Company, Inc.",Jersey City,NJ,United States,2008-06-11,Foodborne Biological Hazards,NAI,NAI only
Summit Import Corporation,Jersey City,NJ,United States,2015-08-14,Foodborne Biological Hazards,NAI,NAI only
"Phil-Am Trading, Inc.",Jersey City,NJ,United States,2012-02-21,Foodborne Biological Hazards,NAI,NAI only
"Expack Seafood, Inc.",Woodbridge,NJ,United States,2006-01-04,Foodborne Biological Hazards,NAI,NAI only
"Torry Harris, Inc.",Perth Amboy,NJ,United States,2008-02-05,Foodborne Biological Hazards,NAI,NAI only
"Torry Harris, Inc.",Perth Amboy,NJ,United States,2009-01-23,Foodborne Biological Hazards,NAI,NAI only
Sterling Seafood Corp,Cresskill,NJ,United States,2008-02-07,Foodborne Biological Hazards,NAI,NAI only
Amoy North America Inc.,Saddle Brook,NJ,United States,2006-03-21,Foodborne Biological Hazards,NAI,NAI only
Eastern Fish Company,Teaneck,NJ,United States,2006-01-12,Foodborne Biological Hazards,NAI,NAI only
Eastern Fish Company,Teaneck,NJ,United States,2007-12-17,Foodborne Biological Hazards,NAI,NAI only
"Bo San International Trading, Inc.",Hasbrouck Heights,NJ,United States,2012-01-18,Foodborne Biological Hazards,NAI,NAI only
"World Wide Food Products, Inc.",Jamaica,NY,United States,2005-11-15,Foodborne Biological Hazards,NAI,NAI only
Diversified Processors Inc.,Westbury,NY,United States,2007-08-29,Foodborne Biological Hazards,NAI,NAI only
"J. F. Clarke, Corp.",Franklin Square,NY,United States,2006-04-28,Foodborne Biological Hazards,NAI,NAI only
Way Fong LLC,Maspeth,NY,United States,2008-05-15,Foodborne Biological Hazards,NAI,NAI only
CTC Food International Inc,Richmond,CA,United States,2013-12-17,Foodborne Biological Hazards,NAI,NAI only
Foodasia International Corp,South San Francisco,CA,United States,2005-11-09,Foodborne Biological Hazards,NAI,NAI only
Foodasia International Corp,South San Francisco,CA,United States,2005-11-09,Pesticides and Chemical Contaminants,NAI,NAI only
"Camtrade Enterprises, inc.",Union City,CA,United States,2007-08-29,Foodborne Biological Hazards,NAI,NAI only
Marukai Corp,Honolulu,HI,United States,2006-11-16,Foodborne Biological Hazards,NAI,NAI only
N.A. Sales Company Inc.,South San Francisco,CA,United States,2006-08-14,Foodborne Biological Hazards,NAI,NAI only
N.A. Sales Company Inc.,South San Francisco,CA,United States,2008-07-09,Foodborne Biological Hazards,NAI,NAI only
H & N Group Inc.,Vernon,CA,United States,2008-08-04,Foodborne Biological Hazards,NAI,NAI only
"Calbee North America, LLC",Fairfield,CA,United States,2009-11-04,Foodborne Biological Hazards,NAI,NAI only
"Ocean Beauty Seafoods, LLC",Seattle,WA,United States,2007-03-01,Foodborne Biological Hazards,NAI,NAI only
"Ocean Beauty Seafoods, LLC",Seattle,WA,United States,2007-11-27,Foodborne Biological Hazards,NAI,NAI only
Golden International Import & Export Corporation,Renton,WA,United States,2006-03-20,Foodborne Biological Hazards,NAI,NAI only
Hanwa American Corp,Seattle,WA,United States,2006-03-10,Foodborne Biological Hazards,NAI,NAI only
Hanwa American Corp,Seattle,WA,United States,2007-02-02,Foodborne Biological Hazards,NAI,NAI only
Scan American International Company Dba Scan American,Monroe,WA,United States,2013-04-30,Foodborne Biological Hazards,NAI,NAI only
Royal Greenland,San Rafael,CA,United States,2007-02-28,Foodborne Biological Hazards,NAI,NAI only
Admiralty Island Fisheries Inc,Seattle,WA,United States,2007-11-26,Foodborne Biological Hazards,NAI,NAI only
"Medina & Medina, Inc.",San Juan,PR,United States,2007-05-07,Foodborne Biological Hazards,NAI,NAI only
"Medina & Medina, Inc.",San Juan,PR,United States,2007-05-07,Pesticides and Chemical Contaminants,NAI,NAI only
"Pescaderia Atlantica, Inc.",Toa Baja,PR,United States,2007-08-22,Foodborne Biological Hazards,NAI,NAI only
"Pescaderia Atlantica, Inc.",Toa Baja,PR,United States,2007-08-22,Pesticides and Chemical Contaminants,NAI,NAI only
"Pescaderia Atlantica, Inc.",Toa Baja,PR,United States,2007-08-22,Food and Color Additives Petition Review,NAI,NAI only
Wei-Chuan USA Inc,Bell Gardens,CA,United States,2010-06-15,Foodborne Biological Hazards,NAI,NAI only
Del Mare Import Corp,Houston,TX,United States,2006-03-31,Foodborne Biological Hazards,NAI,NAI only
"Ocean Garden Products, Inc",San Diego,CA,United States,2006-09-25,Foodborne Biological Hazards,NAI,NAI only
tex-mex cold storage inc,Brownsville,TX,United States,2006-05-24,Foodborne Biological Hazards,NAI,NAI only
tex-mex cold storage inc,Brownsville,TX,United States,2006-12-06,Foodborne Biological Hazards,NAI,NAI only
tex-mex cold storage inc,Brownsville,TX,United States,2007-09-18,Foodborne Biological Hazards,NAI,NAI only
ocean group inc.,Los Angeles,CA,United States,2008-09-22,Foodborne Biological Hazards,NAI,NAI only
NA,Gardena,CA,United States,2006-12-28,Foodborne Biological Hazards,NAI,NAI only
NA,Gardena,CA,United States,2011-02-23,Foodborne Biological Hazards,NAI,NAI only
"cozy harbor seafood, inc.",Portland,ME,United States,2008-03-20,Foodborne Biological Hazards,NAI,NAI only
"cozy harbor seafood, inc.",Portland,ME,United States,2009-04-07,Foodborne Biological Hazards,NAI,NAI only
Nishimoto Trading Co Ltd,Carlstadt,NJ,United States,2012-03-12,Foodborne Biological Hazards,NAI,NAI only
"campbell soup supply co., llc",Camden,NJ,United States,2010-07-16,Foodborne Biological Hazards,NAI,NAI only
"campbell soup supply co., llc",Camden,NJ,United States,2012-11-13,Foodborne Biological Hazards,NAI,NAI only
"campbell soup supply co., llc",Camden,NJ,United States,2015-03-09,Foodborne Biological Hazards,NAI,NAI only
rastelli foods,Swedesboro,NJ,United States,2010-03-25,Foodborne Biological Hazards,NAI,NAI only
rastelli foods,Swedesboro,NJ,United States,2011-02-01,Foodborne Biological Hazards,NAI,NAI only
JFC International Inc,Linden,NJ,United States,2007-10-18,Foodborne Biological Hazards,NAI,NAI only
"Hung Chong Lung, Inc.",Brooklyn,NY,United States,2012-01-09,Foodborne Biological Hazards,NAI,NAI only
norcal seafood inc,Oakland,CA,United States,2008-09-11,Foodborne Biological Hazards,NAI,NAI only
"marco sales, inc",Brownsville,TX,United States,2008-06-11,Foodborne Biological Hazards,NAI,NAI only
King & Prince Seafood,Brunswick,GA,United States,2014-07-08,Foodborne Biological Hazards,VAI,nonNAI single proj area
Rhee Brothers Incorporated,Hanover,MD,United States,2008-06-23,Foodborne Biological Hazards,VAI,nonNAI single proj area
Maruchan Virginia Incorporated,Richmond,VA,United States,2006-03-03,Foodborne Biological Hazards,VAI,nonNAI single proj area
"Phillips Foods, Inc.",Baltimore,MD,United States,2007-04-13,Foodborne Biological Hazards,VAI,nonNAI single proj area
Supreme Lobster & Seafood Co.,Villa Park,IL,United States,2006-02-14,Foodborne Biological Hazards,OAI,nonNAI single proj area
Supreme Lobster & Seafood Co.,Villa Park,IL,United States,2008-04-01,Foodborne Biological Hazards,VAI,nonNAI single proj area
Houston Seafood Corp.,Houston,TX,United States,2011-02-23,Foodborne Biological Hazards,VAI,nonNAI single proj area
B & B Corner Corp,Houston,TX,United States,2013-09-26,Foodborne Biological Hazards,RTS,nonNAI single proj area
Ameri Asian Trading Company,Denver,CO,United States,2013-07-24,Foodborne Biological Hazards,VAI,nonNAI single proj area
"Associated Grocers of Florida, Inc.",Pompano Beach,FL,United States,2006-11-08,Foodborne Biological Hazards,VAI,nonNAI single proj area
"Associated Grocers of Florida, Inc.",Pompano Beach,FL,United States,2012-03-16,Foodborne Biological Hazards,VAI,nonNAI single proj area
"Associated Grocers of Florida, Inc.",Pompano Beach,FL,United States,2012-03-08,Foodborne Biological Hazards,RTS,nonNAI single proj area
"Tampa Bay Fisheries, Inc.",Dover,FL,United States,2016-05-10,Foodborne Biological Hazards,VAI,nonNAI single proj area
"Keys Fisheries, Inc.",Marathon,FL,United States,2014-05-08,Foodborne Biological Hazards,VAI,nonNAI single proj area
Quirch Foods Co.,Miami,FL,United States,2013-01-24,Foodborne Biological Hazards,VAI,nonNAI single proj area
"Jomara Seafood, Inc.",Hialeah,FL,United States,2014-02-18,Foodborne Biological Hazards,VAI,nonNAI single proj area
"Jomara Seafood, Inc.",Hialeah,FL,United States,2016-01-04,Foodborne Biological Hazards,VAI,nonNAI single proj area
Maxim's Import Corp.,Miami,FL,United States,2006-04-26,Foodborne Biological Hazards,VAI,nonNAI single proj area
"Bama Sea Products,  Inc.",St Petersburg,FL,United States,2014-04-30,Foodborne Biological Hazards,VAI,nonNAI single proj area
Apollo Export Warehouse Inc,Miami,FL,United States,2013-02-21,Foodborne Biological Hazards,VAI,nonNAI single proj area
Sea Port Trading Co.,Miami,FL,United States,2006-01-24,Foodborne Biological Hazards,OAI,nonNAI single proj area
Caribco Shrimp Corporation,Miami,FL,United States,2007-08-03,Foodborne Biological Hazards,VAI,nonNAI single proj area
Kingmar Seafood Corp,Miami,FL,United States,2007-07-23,Foodborne Biological Hazards,VAI,nonNAI single proj area
Sea Lion International Inc.,Margate,FL,United States,2008-04-15,Foodborne Biological Hazards,VAI,nonNAI single proj area
Shells & Fish Import and Export Co.,Miami,FL,United States,2006-06-27,Foodborne Biological Hazards,OAI,nonNAI single proj area
Ecuadorian Seafood Inc,Coral Gables,FL,United States,2006-04-06,Foodborne Biological Hazards,VAI,nonNAI single proj area
Inepexa Inc,Miami,FL,United States,2007-10-11,Foodborne Biological Hazards,VAI,nonNAI single proj area
"Marines USA, Inc.",Miami Beach,FL,United States,2006-03-21,Foodborne Biological Hazards,OAI,nonNAI single proj area
Sea Harvest Seafood Co,Las Vegas,NV,United States,2005-11-08,Foodborne Biological Hazards,VAI,nonNAI single proj area
Sea Snack Foods Inc,Los Angeles,CA,United States,2007-08-02,Foodborne Biological Hazards,VAI,nonNAI single proj area
Ore-Cal Corporation,Los Angeles,CA,United States,2012-06-06,Foodborne Biological Hazards,VAI,nonNAI single proj area
Wei-Chuan USA Inc,Bell Gardens,CA,United States,2008-05-07,Foodborne Biological Hazards,VAI,nonNAI single proj area
Wang Globalnet,Vernon,CA,United States,2008-06-16,Foodborne Biological Hazards,VAI,nonNAI single proj area
Southwind Foods LLC dba Great American Seafood Imports Co.,Long Beach,CA,United States,2010-06-24,Foodborne Biological Hazards,VAI,nonNAI single proj area
N A Trading Inc,Commerce,CA,United States,2014-09-12,Foodborne Biological Hazards,VAI,nonNAI single proj area
Seven Seas Seafoods Inc,Montebello,CA,United States,2012-03-22,Foodborne Biological Hazards,OAI,nonNAI single proj area
"LA Lucky Trading, Inc.",Bell,CA,United States,2006-06-29,Foodborne Biological Hazards,VAI,nonNAI single proj area
Advanced Fresh Concepts Corp,Rancho Dominguez,CA,United States,2014-11-12,Foodborne Biological Hazards,VAI,nonNAI single proj area
Pacific American Fish Co Inc,Vernon,CA,United States,2006-12-19,Foodborne Biological Hazards,VAI,nonNAI single proj area
Pacific American Fish Co Inc,Vernon,CA,United States,2014-09-10,Foodborne Biological Hazards,VAI,nonNAI single proj area
Sea Win Inc,Los Angeles,CA,United States,2006-11-22,Foodborne Biological Hazards,VAI,nonNAI single proj area
Sea Win Inc,Los Angeles,CA,United States,2006-10-17,Foodborne Biological Hazards,VAI,nonNAI single proj area
Sea Win Inc,Los Angeles,CA,United States,2008-03-26,Foodborne Biological Hazards,OAI,nonNAI single proj area
G.L. Food Wholesale Inc,City Of Industry,CA,United States,2011-03-23,Foodborne Biological Hazards,VAI,nonNAI single proj area
"J. DeLuca Fish Company, Inc.",San Pedro,CA,United States,2007-01-17,Foodborne Biological Hazards,VAI,nonNAI single proj area
"J. DeLuca Fish Company, Inc.",San Pedro,CA,United States,2014-07-10,Foodborne Biological Hazards,VAI,nonNAI single proj area
New Zealand Seafood Marketing,Vernon,CA,United States,2008-03-18,Foodborne Biological Hazards,VAI,nonNAI single proj area
Linkway Corparation,Gardena,CA,United States,2016-02-17,Foodborne Biological Hazards,OAI,nonNAI single proj area
Gemini Food Corporation Inc,City of Industry,CA,United States,2016-03-09,Foodborne Biological Hazards,VAI,nonNAI single proj area
"Jayone Foods, Inc.",Paramount,CA,United States,2008-05-27,Foodborne Biological Hazards,VAI,nonNAI single proj area
"KOREAN FARM, INC.",Santa Fe Springs,CA,United States,2008-01-30,Foodborne Biological Hazards,VAI,nonNAI single proj area
"KOREAN FARM, INC.",Santa Fe Springs,CA,United States,2014-09-03,Foodborne Biological Hazards,VAI,nonNAI single proj area
"H & T Seafood, Inc.",Bell,CA,United States,2007-03-08,Foodborne Biological Hazards,VAI,nonNAI single proj area
"H & T Seafood, Inc.",Bell,CA,United States,2011-01-13,Foodborne Biological Hazards,VAI,nonNAI single proj area
"H & T Seafood, Inc.",Bell,CA,United States,2011-08-04,Foodborne Biological Hazards,VAI,nonNAI single proj area
Chaur Fong Inc. dba 888 Food Company,S El Monte,CA,United States,2007-11-26,Foodborne Biological Hazards,OAI,nonNAI single proj area
Interstate Seafood Inc,Los Angeles,CA,United States,2009-03-26,Foodborne Biological Hazards,VAI,nonNAI single proj area
Mandalay Trading Corporation,City of Industry,CA,United States,2007-10-16,Foodborne Biological Hazards,VAI,nonNAI single proj area
"Contessa Premium Foods, Inc.",Commerce,CA,United States,2011-09-26,Foodborne Biological Hazards,VAI,nonNAI single proj area
Ramona Trading Inc.,City of Industry,CA,United States,2015-07-28,Foodborne Biological Hazards,OAI,nonNAI single proj area
B & D Seafoods Inc,Westminster,CA,United States,2016-02-08,Foodborne Biological Hazards,VAI,nonNAI single proj area
Fhz Trading Inc,Alhambra,CA,United States,2015-10-07,Foodborne Biological Hazards,OAI,nonNAI single proj area
Tao Ling Seafood Inc,Pico Rivera,CA,United States,2015-09-24,Foodborne Biological Hazards,OAI,nonNAI single proj area
Jh Seafood Supply Inc,South El Monte,CA,United States,2015-07-08,Foodborne Biological Hazards,OAI,nonNAI single proj area
Kami Trading Inc,Irwindale,CA,United States,2015-10-15,Foodborne Biological Hazards,OAI,nonNAI single proj area
Min Dou Seafood Inc,Monterey Park,CA,United States,2015-10-01,Foodborne Biological Hazards,OAI,nonNAI single proj area
"Well Luck Company, Inc.",Jersey City,NJ,United States,2007-02-23,Foodborne Biological Hazards,VAI,nonNAI single proj area
"Well Luck Company, Inc.",Jersey City,NJ,United States,2014-09-10,Foodborne Biological Hazards,VAI,nonNAI single proj area
Darik Enterprises Incorporated,New Hyde Park,NY,United States,2008-01-18,Foodborne Biological Hazards,VAI,nonNAI single proj area
"World Wide Food Products, Inc.",Jamaica,NY,United States,2008-03-14,Foodborne Biological Hazards,VAI,nonNAI single proj area
Diversified Processors Inc.,Westbury,NY,United States,2006-03-15,Foodborne Biological Hazards,VAI,nonNAI single proj area
Diversified Processors Inc.,Westbury,NY,United States,2007-10-25,Foodborne Biological Hazards,RTS,nonNAI single proj area
Diversified Processors Inc.,Westbury,NY,United States,2010-02-17,Foodborne Biological Hazards,VAI,nonNAI single proj area
Diversified Processors Inc.,Westbury,NY,United States,2015-01-21,Foodborne Biological Hazards,VAI,nonNAI single proj area
Hong Thai Foods Corp,Brooklyn,NY,United States,2014-06-03,Foodborne Biological Hazards,VAI,nonNAI single proj area
"J. F. Clarke, Corp.",Franklin Square,NY,United States,2008-02-04,Foodborne Biological Hazards,VAI,nonNAI single proj area
"Wah Po Trading Co, Inc",Brooklyn,NY,United States,2006-01-12,Foodborne Biological Hazards,VAI,nonNAI single proj area
Southern Foods Usa Inc.,Astoria,NY,United States,2006-02-03,Foodborne Biological Hazards,OAI,nonNAI single proj area
Southern Foods Usa Inc.,Astoria,NY,United States,2006-05-01,Foodborne Biological Hazards,VAI,nonNAI single proj area
AMS Import Corp,Brooklyn,NY,United States,2007-07-06,Foodborne Biological Hazards,VAI,nonNAI single proj area
Four Star Import & Distribution,Brooklyn,NY,United States,2014-07-07,Foodborne Biological Hazards,OAI,nonNAI single proj area
Empire Seafood International,Flushing,NY,United States,2014-04-29,Foodborne Biological Hazards,VAI,nonNAI single proj area
Yandi New York Trading Co Ltd,Brooklyn,NY,United States,2014-06-20,Foodborne Biological Hazards,OAI,nonNAI single proj area
Daily Wholesale Inc.,Corona,NY,United States,2015-11-17,Foodborne Biological Hazards,OAI,nonNAI single proj area
"Camtrade Enterprises, inc.",Union City,CA,United States,2008-07-30,Foodborne Biological Hazards,VAI,nonNAI single proj area
Marukai Corp,Honolulu,HI,United States,2006-01-10,Foodborne Biological Hazards,VAI,nonNAI single proj area
N.A. Sales Company Inc.,South San Francisco,CA,United States,2016-04-06,Foodborne Biological Hazards,OAI,nonNAI single proj area
"TV Food, LLC",San Leandro,CA,United States,2009-05-19,Foodborne Biological Hazards,VAI,nonNAI single proj area
"Pal-Do Company, Inc d.b.a. Pal-Do  World",Lakewood,WA,United States,2007-02-07,Foodborne Biological Hazards,VAI,nonNAI single proj area
"Bel's Food International, Corp.",Federal Way,WA,United States,2016-04-07,Foodborne Biological Hazards,VAI,nonNAI single proj area
"Medina & Medina, Inc.",San Juan,PR,United States,2006-04-27,Foodborne Biological Hazards,OAI,nonNAI single proj area
"Trafon Group, Inc.",Puerto Nuevo,PR,United States,2009-06-24,Foodborne Biological Hazards,VAI,nonNAI single proj area
Alton Seafood Inc.,Houston,TX,United States,2009-09-22,Foodborne Biological Hazards,VAI,nonNAI single proj area
"chungs products, lp",Houston,TX,United States,2006-05-09,Foodborne Biological Hazards,VAI,nonNAI single proj area
"chungs products, lp",Houston,TX,United States,2007-06-29,Foodborne Biological Hazards,OAI,nonNAI single proj area
"placeres & sons seafoods, inc.",Hialeah,FL,United States,2006-12-07,Foodborne Biological Hazards,VAI,nonNAI single proj area
seafood marketing us inc.,Miami,FL,United States,2006-07-07,Foodborne Biological Hazards,VAI,nonNAI single proj area
JFC International Inc,Los Angeles,CA,United States,2008-02-28,Foodborne Biological Hazards,VAI,nonNAI single proj area
"kanaloa imports, inc. (dba) kanaloa seafood",Oxnard,CA,United States,2009-03-26,Foodborne Biological Hazards,VAI,nonNAI single proj area
"CJ America, Inc.",Fullerton,CA,United States,2007-08-28,Foodborne Biological Hazards,VAI,nonNAI single proj area
"CJ America, Inc.",Fullerton,CA,United States,2010-06-22,Foodborne Biological Hazards,OAI,nonNAI single proj area
NA,Gardena,CA,United States,2010-07-01,Foodborne Biological Hazards,VAI,nonNAI single proj area
Min Jiang Food Store Inc DBA Koi Koi Trading Inc,Montebello,CA,United States,2016-02-04,Foodborne Biological Hazards,VAI,nonNAI single proj area
NA,South El Monte,CA,United States,2015-10-22,Foodborne Biological Hazards,OAI,nonNAI single proj area
"seatrade international, llc",New Bedford,MA,United States,2006-01-18,Foodborne Biological Hazards,VAI,nonNAI single proj area
royal hunan seafood co.,Edison,NJ,United States,2005-11-17,Foodborne Biological Hazards,VAI,nonNAI single proj area
royal hunan seafood co.,Edison,NJ,United States,2008-02-27,Foodborne Biological Hazards,VAI,nonNAI single proj area
mc marine inc.,Hackensack,NJ,United States,2006-02-09,Foodborne Biological Hazards,VAI,nonNAI single proj area
rastelli foods,Swedesboro,NJ,United States,2007-04-11,Foodborne Biological Hazards,VAI,nonNAI single proj area
rastelli foods,Swedesboro,NJ,United States,2009-05-05,Foodborne Biological Hazards,VAI,nonNAI single proj area
water lilies food inc.,Astoria,NY,United States,2006-06-07,Foodborne Biological Hazards,VAI,nonNAI single proj area
water lilies food inc.,Astoria,NY,United States,2008-03-18,Foodborne Biological Hazards,VAI,nonNAI single proj area
water lilies food inc.,Astoria,NY,United States,2011-05-27,Foodborne Biological Hazards,RTS,nonNAI single proj area
water lilies food inc.,Astoria,NY,United States,2011-07-28,Foodborne Biological Hazards,RTS,nonNAI single proj area
water lilies food inc.,Astoria,NY,United States,2011-12-05,Foodborne Biological Hazards,VAI,nonNAI single proj area
starfish investments,Mukilteo,WA,United States,2007-03-06,Foodborne Biological Hazards,VAI,nonNAI single proj area
"ama packing, llc",Brownsville,TX,United States,2006-08-23,Foodborne Biological Hazards,OAI,nonNAI single proj area
"Inland Seafood, Inc.",Tucker,GA,United States,2010-03-05,Foodborne Biological Hazards,"VAI, NAI",nonNAI multi proj area
"Inland Seafood, Inc.",Tucker,GA,United States,2010-03-05,Pesticides and Chemical Contaminants,"VAI, NAI",nonNAI multi proj area
"Inland Seafood, Inc.",Tucker,GA,United States,2010-03-05,Food and Color Additives Petition Review,"VAI, NAI",nonNAI multi proj area
Maruchan Virginia Incorporated,Richmond,VA,United States,2007-02-13,Foodborne Biological Hazards,"VAI, NAI",nonNAI multi proj area
Maruchan Virginia Incorporated,Richmond,VA,United States,2007-02-13,"Food Composition, Standards, Labeling and Econ","VAI, NAI",nonNAI multi proj area
Maruchan Virginia Incorporated,Richmond,VA,United States,2007-10-23,Foodborne Biological Hazards,"VAI, NAI",nonNAI multi proj area
Maruchan Virginia Incorporated,Richmond,VA,United States,2007-10-23,"Food Composition, Standards, Labeling and Econ","VAI, NAI",nonNAI multi proj area
"Keys Fisheries, Inc.",Marathon,FL,United States,2008-04-02,Foodborne Biological Hazards,"VAI, NAI",nonNAI multi proj area
"Keys Fisheries, Inc.",Marathon,FL,United States,2008-04-02,Pesticides and Chemical Contaminants,"VAI, NAI",nonNAI multi proj area
"Keys Fisheries, Inc.",Marathon,FL,United States,2008-04-02,Food and Color Additives Petition Review,"VAI, NAI",nonNAI multi proj area
"Jomara Seafood, Inc.",Hialeah,FL,United States,2005-11-21,Foodborne Biological Hazards,"OAI, VAI, NAI",nonNAI multi proj area
"Jomara Seafood, Inc.",Hialeah,FL,United States,2005-11-21,Pesticides and Chemical Contaminants,"OAI, VAI, NAI",nonNAI multi proj area
"Jomara Seafood, Inc.",Hialeah,FL,United States,2005-11-21,Food and Color Additives Petition Review,"OAI, VAI, NAI",nonNAI multi proj area
"Jomara Seafood, Inc.",Hialeah,FL,United States,2006-09-14,Foodborne Biological Hazards,"VAI, NAI",nonNAI multi proj area
"Jomara Seafood, Inc.",Hialeah,FL,United States,2006-09-14,Pesticides and Chemical Contaminants,"VAI, NAI",nonNAI multi proj area
"Jomara Seafood, Inc.",Hialeah,FL,United States,2006-09-14,Food and Color Additives Petition Review,"VAI, NAI",nonNAI multi proj area
"Jomara Seafood, Inc.",Hialeah,FL,United States,2007-09-26,Foodborne Biological Hazards,"VAI, NAI",nonNAI multi proj area
"Jomara Seafood, Inc.",Hialeah,FL,United States,2007-09-26,Pesticides and Chemical Contaminants,"VAI, NAI",nonNAI multi proj area
"Jomara Seafood, Inc.",Hialeah,FL,United States,2007-09-26,Food and Color Additives Petition Review,"VAI, NAI",nonNAI multi proj area
Maxim's Import Corp.,Miami,FL,United States,2007-05-01,Foodborne Biological Hazards,"VAI, NAI",nonNAI multi proj area
Maxim's Import Corp.,Miami,FL,United States,2007-05-01,Pesticides and Chemical Contaminants,"VAI, NAI",nonNAI multi proj area
"Bama Sea Products,  Inc.",St Petersburg,FL,United States,2007-10-26,Foodborne Biological Hazards,"VAI, NAI",nonNAI multi proj area
"Bama Sea Products,  Inc.",St Petersburg,FL,United States,2007-10-26,Pesticides and Chemical Contaminants,"VAI, NAI",nonNAI multi proj area
"Bama Sea Products,  Inc.",St Petersburg,FL,United States,2007-10-26,Food and Color Additives Petition Review,"VAI, NAI",nonNAI multi proj area
"Supreme Seafood, Inc.",Altamonte Springs,FL,United States,2008-02-13,Foodborne Biological Hazards,"VAI, NAI",nonNAI multi proj area
"Supreme Seafood, Inc.",Altamonte Springs,FL,United States,2008-02-13,Pesticides and Chemical Contaminants,"VAI, NAI",nonNAI multi proj area
"Supreme Seafood, Inc.",Altamonte Springs,FL,United States,2008-02-13,Food and Color Additives Petition Review,"VAI, NAI",nonNAI multi proj area
Foodasia International Corp,South San Francisco,CA,United States,2007-02-07,Foodborne Biological Hazards,"VAI, NAI",nonNAI multi proj area
Foodasia International Corp,South San Francisco,CA,United States,2007-02-07,Pesticides and Chemical Contaminants,"VAI, NAI",nonNAI multi proj area
Foodasia International Corp,South San Francisco,CA,United States,2007-02-07,Food and Color Additives Petition Review,"VAI, NAI",nonNAI multi proj area
"Medina & Medina, Inc.",San Juan,PR,United States,2008-04-24,Foodborne Biological Hazards,"VAI, NAI",nonNAI multi proj area
"Medina & Medina, Inc.",San Juan,PR,United States,2008-04-24,Pesticides and Chemical Contaminants,"VAI, NAI",nonNAI multi proj area
"Trafon Group, Inc.",Puerto Nuevo,PR,United States,2008-05-30,Foodborne Biological Hazards,"OAI, VAI, NAI",nonNAI multi proj area
"Trafon Group, Inc.",Puerto Nuevo,PR,United States,2008-05-30,Pesticides and Chemical Contaminants,"OAI, VAI, NAI",nonNAI multi proj area
"Pescaderia Atlantica, Inc.",Toa Baja,PR,United States,2006-08-07,Foodborne Biological Hazards,"VAI, NAI",nonNAI multi proj area
"Pescaderia Atlantica, Inc.",Toa Baja,PR,United States,2006-08-07,Pesticides and Chemical Contaminants,"VAI, NAI",nonNAI multi proj area
"tropic star seafood, inc.",Lakeland,FL,United States,2006-03-22,Foodborne Biological Hazards,"VAI, NAI",nonNAI multi proj area
"tropic star seafood, inc.",Lakeland,FL,United States,2006-03-22,Pesticides and Chemical Contaminants,"VAI, NAI",nonNAI multi proj area
"tropic star seafood, inc.",Lakeland,FL,United States,2006-03-22,Food and Color Additives Petition Review,"VAI, NAI",nonNAI multi proj area
